geoid_tract_20,census_tract_name,depressed_perc,black_non_hisp_perc,white_non_hisp_perc,hispanic_latino_perc,3_plus_cre_risk_factors_perc,below_poverty_level_perc,no_health_insurance_perc,male_perc,female_perc,income_inequality_gini_index,hs_grad_perc,households_no_vehicle_perc,households_w_internet_perc,walkability_score,GEOID,neighborhood_name
11001009907,"Census Tract 99.07, District of Columbia, District of Columbia",21.1,97.5,0.4,2.0,28.85,19.9,7.6,40.0,60.0,0.428,88.6,54.3,64.4,12.25,11001009907,MARSHALL HEIGHTS
11001008802,"Census Tract 88.02, District of Columbia, District of Columbia",18.3,68.7,25.6,2.7,35.38,19.7,4.3,51.1,48.9,0.4983,86.0,34.2,72.8,13.5,11001008802,TRINIDAD
11001005900,"Census Tract 59, District of Columbia, District of Columbia",22.1,22.4,50.8,8.6,17.12,27.7,4.6,52.6,47.4,0.5047,90.7,61.1,82.6,16.5,11001005900,CHINATOWN
11001002900,"Census Tract 29, District of Columbia, District of Columbia",19.3,19.6,47.1,25.0,13.98,8.2,7.8,50.1,49.9,0.4526,85.6,38.2,88.4,16.16666667,11001002900,COLUMBIA HEIGHTS
11001003302,"Census Tract 33.02, District of Columbia, District of Columbia",18.5,37.6,48.7,5.2,9.09,9.3,1.4,46.3,53.7,0.3496,97.3,12.4,89.9,15.75,11001003302,BLOOMINGDALE
11001005002,"Census Tract 50.02, District of Columbia, District of Columbia",20.5,27.3,45.2,16.5,35.81,15.0,1.8,53.3,46.7,0.4942,91.3,61.1,80.0,15.666666665000001,11001005002,LOGAN CIRCLE/SHAW
11001007502,"Census Tract 75.02, District of Columbia, District of Columbia",22.1,98.7,0.8,0.0,39.28,37.5,4.2,45.1,54.9,0.5259,84.4,49.3,60.2,11.666666665000001,11001007502,NAYLOR/HILLCREST
11001009301,"Census Tract 93.01, District of Columbia, District of Columbia",18.5,44.4,40.8,5.1,20.98,10.9,1.7,46.9,53.1,0.4276,94.2,11.5,90.2,15.583333329999999,11001009301,BRENTWOOD
11001000901,"Census Tract 9.01, District of Columbia, District of Columbia",22.8,7.1,71.8,11.3,20.22,2.7,0.9,44.5,55.5,0.4873,98.0,12.1,92.8,13.0,11001000901,KENT/PALISADES
11001001901,"Census Tract 19.01, District of Columbia, District of Columbia",16.8,58.1,19.2,17.6,16.59,11.6,3.7,47.8,52.2,0.4888,94.9,17.7,88.4,15.083333334999999,11001001901,BRIGHTWOOD
11001009811,"Census Tract 98.11, District of Columbia, District of Columbia",23.3,96.6,0.9,0.3,35.22,38.6,6.6,42.7,57.3,0.62,86.1,50.9,55.0,13.5,11001009811,BELLEVUE
11001009804,"Census Tract 98.04, District of Columbia, District of Columbia",21.5,83.4,1.8,9.4,22.65,30.2,1.6,45.2,54.8,0.4673,86.7,42.6,74.0,12.75,11001009804,CONGRESS HEIGHTS/SHIPLEY
11001005301,"Census Tract 53.01, District of Columbia, District of Columbia",20.7,2.4,75.8,9.5,9.62,9.8,2.2,48.9,51.1,0.4428,99.6,59.2,94.7,14.91666667,11001005301,LOGAN CIRCLE/SHAW
11001002501,"Census Tract 25.01, District of Columbia, District of Columbia",19.4,40.1,20.8,35.3,19.01,11.7,13.6,55.8,44.2,0.5074,76.9,36.5,70.1,13.916666665000001,11001002501,16th ST HEIGHTS
11001004002,"Census Tract 40.02, District of Columbia, District of Columbia",20.3,4.5,80.6,5.4,11.93,4.8,3.0,48.3,51.7,0.4018,100.0,42.5,97.0,15.16666667,11001004002,ADAMS MORGAN
11001007000,"Census Tract 70, District of Columbia, District of Columbia",19.9,3.2,82.6,9.9,8.0,2.0,1.0,53.5,46.5,0.3869,96.7,15.7,91.3,16.333333335,11001007000,CAPITOL HILL
11001002502,"Census Tract 25.02, District of Columbia, District of Columbia",19.7,31.5,25.7,34.5,18.58,12.7,4.6,51.9,48.1,0.4573,74.5,37.5,74.9,14.583333334999999,11001002502,16th ST HEIGHTS
11001002400,"Census Tract 24, District of Columbia, District of Columbia",17.9,40.8,34.2,18.9,16.63,8.5,2.8,42.3,57.7,0.3637,88.5,28.1,90.5,15.583333334999999,11001002400,PETWORTH
11001002101,"Census Tract 21.01, District of Columbia, District of Columbia",18.6,62.9,11.9,20.9,27.5,7.2,9.6,50.2,49.8,0.4182,82.1,29.4,76.5,14.83333333,11001002101,BRIGHTWOOD PARK
11001009000,"Census Tract 90, District of Columbia, District of Columbia",17.1,79.3,8.4,8.2,32.75,12.0,2.8,39.4,60.6,0.506,87.0,32.8,68.7,13.916666665000001,11001009000,FORT LINCOLN/GATEWAY
11001009905,"Census Tract 99.05, District of Columbia, District of Columbia",20.9,95.0,1.1,0.0,26.0,31.9,3.7,49.6,50.4,0.6287,87.0,45.9,55.0,13.83333333,11001009905,MARSHALL HEIGHTS
11001007401,"Census Tract 74.01, District of Columbia, District of Columbia",25.8,89.9,3.4,2.5,41.65,68.6,5.0,43.6,56.4,0.6461,70.8,66.3,51.0,12.41666667,11001007401,SAINT ELIZABETHS
11001008410,"Census Tract 84.10, District of Columbia, District of Columbia",17.8,32.4,54.7,4.4,15.82,6.4,2.6,57.4,42.6,0.3995,95.6,17.6,91.5,16.5,11001008410,UNION STATION
11001008302,"Census Tract 83.02, District of Columbia, District of Columbia",20.2,13.6,67.9,9.4,11.2,1.8,0.1,54.2,45.8,0.3957,94.7,20.4,95.1,15.16666667,11001008302,UNION STATION
11001000201,"Census Tract 2.01, District of Columbia, District of Columbia",28.6,6.1,56.7,11.2,38.71,18.1,1.0,44.2,55.8,-666666666.0,100.0,-666666666.0,-666666666.0,13.16666667,11001000201,GEORGETOWN
11001010600,"Census Tract 106, District of Columbia, District of Columbia",19.6,30.4,55.9,4.8,14.82,11.4,3.8,51.2,48.8,0.4276,96.7,36.8,92.7,14.83333333,11001010600,UNION STATION
11001008804,"Census Tract 88.04, District of Columbia, District of Columbia",20.3,73.1,11.8,9.3,43.0,18.8,10.5,44.0,56.0,0.5059,84.1,44.7,74.9,14.75,11001008804,TRINIDAD
11001010800,"Census Tract 108, District of Columbia, District of Columbia",30.0,9.6,63.6,10.7,25.31,47.8,1.4,43.6,56.4,0.6052,91.2,83.0,85.5,16.83333333,11001010800,GWU
11001009302,"Census Tract 93.02, District of Columbia, District of Columbia",18.9,53.3,29.0,16.2,20.01,17.2,6.0,47.7,52.3,0.502,88.2,28.7,84.7,15.0,11001009302,BRENTWOOD
11001007605,"Census Tract 76.05, District of Columbia, District of Columbia",20.7,85.3,4.8,7.7,37.22,25.2,2.4,44.5,55.5,0.5238,90.3,42.3,75.7,13.33333333,11001007605,TWINING
11001004600,"Census Tract 46, District of Columbia, District of Columbia",18.4,39.8,41.6,8.9,15.87,10.1,1.6,52.3,47.7,0.4267,94.0,30.1,82.5,15.25,11001004600,BLOOMINGDALE
11001001001,"Census Tract 10.01, District of Columbia, District of Columbia",19.8,3.7,78.6,6.2,14.86,2.9,2.2,49.1,50.9,0.45,99.1,12.8,92.3,15.416666665,11001001001,TENLEYTOWN
11001009203,"Census Tract 92.03, District of Columbia, District of Columbia",18.7,66.6,17.6,9.6,12.71,14.8,3.9,40.2,59.8,0.4531,91.4,22.9,90.3,13.333333334999999,11001009203,BLOOMINGDALE
11001007406,"Census Tract 74.06, District of Columbia, District of Columbia",24.7,89.2,0.1,7.8,20.64,54.8,0.6,33.1,66.9,0.5686,90.4,33.8,58.7,10.91666667,11001007406,HISTORIC ANACOSTIA
11001002301,"Census Tract 23.01, District of Columbia, District of Columbia",17.4,52.1,25.5,15.9,15.9,5.0,2.7,46.1,53.9,0.3942,94.5,15.7,84.4,15.5,11001002301,PETWORTH
11001004901,"Census Tract 49.01, District of Columbia, District of Columbia",20.0,31.9,45.7,17.3,26.63,13.1,2.9,58.2,41.8,0.4662,93.1,43.6,85.2,15.833333335,11001004901,LOGAN CIRCLE/SHAW
11001009501,"Census Tract 95.01, District of Columbia, District of Columbia",24.5,43.5,24.8,27.0,42.97,14.9,9.1,51.3,48.7,0.47,80.2,33.7,63.3,12.66666667,11001009501,MICHIGAN PARK
11001004802,"Census Tract 48.02, District of Columbia, District of Columbia",19.2,42.7,40.5,8.0,13.67,16.9,2.5,51.7,48.3,0.4152,89.8,43.8,86.0,14.416666665000001,11001004802,CHINATOWN
11001006700,"Census Tract 67, District of Columbia, District of Columbia",20.3,10.8,76.2,6.1,6.26,2.8,0.7,48.6,51.4,0.3989,98.0,22.3,92.9,15.16666667,11001006700,CAPITOL HILL
11001007601,"Census Tract 76.01, District of Columbia, District of Columbia",19.7,89.0,6.9,2.9,37.97,19.1,3.4,44.6,55.4,0.5233,87.0,38.2,67.5,14.16666667,11001007601,TWINING
11001004202,"Census Tract 42.02, District of Columbia, District of Columbia",20.6,1.6,76.0,11.9,16.91,6.2,4.4,47.5,52.5,0.4889,100.0,53.1,91.3,17.5,11001004202,ADAMS MORGAN
11001007404,"Census Tract 74.04, District of Columbia, District of Columbia",20.9,85.0,2.1,9.7,22.84,14.0,8.2,49.2,50.8,0.4726,88.4,39.6,62.6,13.16666667,11001007404,DOUGLASS
11001009201,"Census Tract 92.01, District of Columbia, District of Columbia",21.0,30.4,49.7,11.2,28.73,23.7,6.5,42.8,57.2,0.4998,94.6,30.7,90.3,17.5,11001009201,EDGEWOOD
11001011100,"Census Tract 111, District of Columbia, District of Columbia",17.3,71.1,10.6,11.9,29.21,12.6,2.0,48.9,51.1,0.4795,84.9,18.5,84.5,15.0,11001011100,FORT LINCOLN/GATEWAY
11001007603,"Census Tract 76.03, District of Columbia, District of Columbia",19.8,92.6,4.1,2.0,22.54,30.4,0.5,41.7,58.3,0.4447,83.3,23.5,80.5,13.25,11001007603,NAYLOR/HILLCREST
11001006600,"Census Tract 66, District of Columbia, District of Columbia",21.1,1.4,83.7,3.2,12.53,3.8,0.4,51.0,49.0,0.4047,100.0,22.0,100.0,18.0,11001006600,CAPITOL HILL
11001002801,"Census Tract 28.01, District of Columbia, District of Columbia",20.5,33.9,29.6,29.6,23.5,22.7,8.0,46.5,53.5,0.4832,85.9,60.4,81.1,15.083333334999999,11001002801,COLUMBIA HEIGHTS
11001007301,"Census Tract 73.01, District of Columbia, District of Columbia",22.2,20.0,50.5,20.7,4.42,5.1,0.0,52.4,47.6,0.3519,100.0,5.1,95.7,6.666666667,11001007301,NAVAL STATION & AIR FORCE
11001007809,"Census Tract 78.09, District of Columbia, District of Columbia",20.2,95.5,0.0,2.2,24.22,30.1,3.0,45.9,54.1,0.4407,85.5,35.7,71.2,12.416666665000001,11001007809,LINCOLN HEIGHTS
11001008200,"Census Tract 82, District of Columbia, District of Columbia",21.9,7.8,77.0,9.5,10.92,4.6,0.8,45.4,54.6,0.4288,99.9,25.8,96.4,14.833333334999999,11001008200,CAPITOL HILL
11001001803,"Census Tract 18.03, District of Columbia, District of Columbia",20.1,58.8,4.3,35.3,28.31,23.6,9.2,52.2,47.8,0.4261,74.3,34.0,66.0,11.0,11001001803,BRIGHTWOOD
11001001402,"Census Tract 14.02, District of Columbia, District of Columbia",18.0,9.7,63.0,17.8,29.25,6.4,1.5,46.4,53.6,0.4897,96.2,32.3,74.2,14.0,11001001402,CHEVY CHASE
11001003800,"Census Tract 38, District of Columbia, District of Columbia",19.6,20.3,50.8,16.4,9.54,8.9,4.3,53.4,46.6,0.463,95.4,45.6,95.9,16.5,11001003800,ADAMS MORGAN
11001003500,"Census Tract 35, District of Columbia, District of Columbia",21.0,60.4,24.8,8.5,20.79,18.1,4.1,44.7,55.3,0.5002,88.2,41.7,79.1,16.0,11001003500,U ST/PLEASANT
11001000501,"Census Tract 5.01, District of Columbia, District of Columbia",21.9,7.5,69.9,13.6,16.32,4.4,2.9,50.4,49.6,0.4886,98.6,36.9,98.5,16.33333333,11001000501,WOODLEY PARK
11001007806,"Census Tract 78.06, District of Columbia, District of Columbia",18.8,94.8,3.0,0.0,29.65,15.3,6.3,43.7,56.3,0.4406,89.5,29.9,64.3,14.25,11001007806,LINCOLN HEIGHTS
11001010900,"Census Tract 109, District of Columbia, District of Columbia",22.2,94.6,1.2,1.7,49.67,33.4,3.7,48.3,51.7,0.4761,83.7,50.8,68.3,11.0000000015,11001010900,BELLEVUE
11001009902,"Census Tract 99.02, District of Columbia, District of Columbia",17.8,96.4,1.9,1.3,22.41,13.9,3.7,49.9,50.1,0.4532,88.0,25.5,75.9,12.666666665000001,11001009902,TWINING
11001007901,"Census Tract 79.01, District of Columbia, District of Columbia",20.2,69.0,20.8,5.7,40.93,28.1,3.0,45.5,54.5,0.4875,89.7,32.9,78.1,13.416666665000001,11001007901,KINGMAN PARK
11001000801,"Census Tract 8.01, District of Columbia, District of Columbia",20.6,9.2,69.5,11.4,13.86,12.9,1.6,40.9,59.1,0.521,99.5,6.9,96.9,13.666666665000001,11001000801,KENT/PALISADES
11001005600,"Census Tract 56, District of Columbia, District of Columbia",22.6,4.9,63.4,13.8,36.85,27.3,2.2,50.6,49.4,0.5699,99.0,60.6,91.4,15.916666670000001,11001005600,GWU
11001007504,"Census Tract 75.04, District of Columbia, District of Columbia",23.1,98.4,0.4,0.5,39.69,54.4,2.7,47.2,52.8,0.673,79.3,56.1,66.8,11.5,11001007504,HISTORIC ANACOSTIA
11001009602,"Census Tract 96.02, District of Columbia, District of Columbia",22.4,89.5,2.0,5.9,41.05,37.0,2.8,33.5,66.5,0.5595,92.5,60.8,53.7,14.5,11001009602,EASTLAND GARDENS
11001009509,"Census Tract 95.09, District of Columbia, District of Columbia",16.9,77.2,9.6,8.4,26.74,3.4,2.4,47.4,52.6,0.362,88.0,21.1,74.8,12.33333333,11001009509,MICHIGAN PARK
11001001200,"Census Tract 12, District of Columbia, District of Columbia",20.2,7.3,69.0,10.7,21.53,4.9,0.9,48.6,51.4,0.4377,98.3,21.6,93.7,15.166666670000001,11001001200,TENLEYTOWN
11001000701,"Census Tract 7.01, District of Columbia, District of Columbia",19.8,10.1,68.1,6.3,20.19,11.5,2.2,47.7,52.3,0.5018,99.1,22.7,95.8,13.166666665000001,11001000701,CATHEDRAL HEIGHTS
11001007100,"Census Tract 71, District of Columbia, District of Columbia",22.7,51.9,33.3,7.2,36.84,32.8,2.5,49.1,50.9,0.5118,89.9,41.5,87.6,14.75,11001007100,HILL EAST
11001009507,"Census Tract 95.07, District of Columbia, District of Columbia",17.9,73.6,4.0,20.6,27.91,12.4,10.5,49.1,50.9,0.4443,84.1,18.9,70.8,13.0,11001009507,LAMOND RIGGS
11001009810,"Census Tract 98.10, District of Columbia, District of Columbia",21.5,86.2,0.1,3.7,33.46,29.5,5.2,46.6,53.4,0.4286,91.2,48.0,69.4,12.416666665000001,11001009810,BELLEVUE
11001001002,"Census Tract 10.02, District of Columbia, District of Columbia",23.1,5.9,65.5,13.8,7.82,15.9,1.1,40.8,59.2,0.5101,95.0,17.5,94.5,13.66666667,11001001002,CATHEDRAL HEIGHTS
11001010700,"Census Tract 107, District of Columbia, District of Columbia",22.7,5.6,64.5,14.3,27.49,15.8,8.6,54.8,45.2,0.4876,95.3,62.4,87.3,15.416666670000001,11001010700,GWU
11001002701,"Census Tract 27.01, District of Columbia, District of Columbia",20.5,22.4,42.5,31.3,19.82,14.7,6.9,51.7,48.3,0.4629,83.0,52.4,84.5,14.166666665000001,11001002701,MOUNT PLEASANT
11001007408,"Census Tract 74.08, District of Columbia, District of Columbia",23.6,91.6,2.9,0.3,41.45,59.5,5.2,52.7,47.3,0.5749,79.9,52.9,55.3,12.5,11001007408,NAYLOR/HILLCREST
11001010100,"Census Tract 101, District of Columbia, District of Columbia",18.9,13.0,52.9,12.7,12.59,14.1,6.3,48.5,51.5,0.518,98.8,58.0,91.3,16.58333333,11001010100,CHINATOWN
11001009802,"Census Tract 98.02, District of Columbia, District of Columbia",23.9,95.8,0.6,3.0,44.08,60.6,4.8,47.2,52.8,0.5734,81.5,59.1,63.8,12.416666665000001,11001009802,BELLEVUE
11001007707,"Census Tract 77.07, District of Columbia, District of Columbia",19.9,96.0,1.1,1.6,39.76,29.7,2.4,48.8,51.2,0.5168,85.9,36.1,65.0,12.333333334999999,11001007707,MARSHALL HEIGHTS
11001006400,"Census Tract 64, District of Columbia, District of Columbia",21.6,76.2,19.4,1.9,45.43,35.5,4.2,48.0,52.0,0.609,76.5,63.7,56.5,15.666666665000001,11001006400,SW/WATERFRONT
11001002002,"Census Tract 20.02, District of Columbia, District of Columbia",18.6,49.2,18.9,26.4,12.25,6.1,2.9,52.4,47.6,0.4799,82.1,12.1,83.6,14.83333333,11001002002,16th ST HEIGHTS
11001000300,"Census Tract 3, District of Columbia, District of Columbia",23.0,8.5,73.2,7.9,9.9,18.5,1.0,45.9,54.1,0.4429,99.3,17.4,98.3,14.166666665000001,11001000300,CATHEDRAL HEIGHTS
11001008002,"Census Tract 80.02, District of Columbia, District of Columbia",19.5,20.4,68.7,7.9,7.68,4.1,0.3,46.8,53.2,0.4067,95.9,18.7,85.2,15.58333333,11001008002,KINGMAN PARK
11001003200,"Census Tract 32, District of Columbia, District of Columbia",19.6,42.6,25.9,27.0,14.92,17.3,7.4,48.0,52.0,0.4365,81.7,23.9,81.2,12.75,11001003200,COLUMBIA HEIGHTS
11001004702,"Census Tract 47.02, District of Columbia, District of Columbia",18.3,25.6,52.3,9.8,14.89,10.3,6.0,48.3,51.7,0.446,90.5,50.4,93.4,16.5,11001004702,CHINATOWN
11001006900,"Census Tract 69, District of Columbia, District of Columbia",19.6,15.7,73.3,4.4,10.44,3.5,3.5,46.8,53.2,0.3893,98.9,22.2,87.9,15.916666670000001,11001006900,HILL EAST
11001001302,"Census Tract 13.02, District of Columbia, District of Columbia",21.2,8.1,70.7,13.2,14.43,12.0,1.4,41.1,58.9,0.4951,97.9,27.2,91.9,13.16666667,11001001302,FOREST HILLS
11001004001,"Census Tract 40.01, District of Columbia, District of Columbia",21.1,6.4,74.7,13.1,11.68,3.1,1.4,55.2,44.8,0.4355,96.6,35.2,90.7,14.83333333,11001004001,ADAMS MORGAN
11001007709,"Census Tract 77.09, District of Columbia, District of Columbia",19.5,91.7,0.6,2.8,42.73,22.6,5.5,47.9,52.1,0.4964,89.7,40.9,66.4,15.25,11001007709,TWINING
11001009400,"Census Tract 94, District of Columbia, District of Columbia",16.7,75.3,16.2,2.9,23.26,8.7,4.8,45.6,54.4,0.4141,90.6,12.4,87.0,14.833333334999999,11001009400,WOODRIDGE
11001009700,"Census Tract 97, District of Columbia, District of Columbia",21.9,95.0,1.7,3.0,35.89,30.1,4.1,48.7,51.3,0.5496,88.4,39.7,68.2,13.833333334999999,11001009700,WASHINGTON HIGHLANDS
11001009901,"Census Tract 99.01, District of Columbia, District of Columbia",16.4,79.0,7.7,3.0,33.47,12.0,3.1,51.0,49.0,0.4607,93.5,10.1,77.4,13.333333334999999,11001009901,TWINING
11001009204,"Census Tract 92.04, District of Columbia, District of Columbia",20.3,78.0,10.1,9.8,48.85,21.0,19.2,44.8,55.2,0.5547,80.2,53.3,56.7,13.083333334999999,11001009204,EDGEWOOD
11001002600,"Census Tract 26, District of Columbia, District of Columbia",16.6,29.8,42.4,17.6,44.82,6.5,3.7,48.3,51.7,0.456,98.3,16.9,89.5,12.16666667,11001002600,16th ST HEIGHTS
11001001902,"Census Tract 19.02, District of Columbia, District of Columbia",17.1,54.1,16.8,25.1,14.16,5.1,3.6,47.1,52.9,0.4128,90.6,9.9,85.9,13.75,11001001902,LAMOND RIGGS
11001008903,"Census Tract 89.03, District of Columbia, District of Columbia",19.3,77.7,14.5,4.8,35.19,27.1,6.9,47.7,52.3,0.4254,93.4,35.0,79.7,14.583333334999999,11001008903,TRINIDAD
11001005800,"Census Tract 58, District of Columbia, District of Columbia",19.5,10.5,59.2,11.3,30.12,16.2,0.9,48.5,51.5,0.4614,92.9,50.7,91.0,18.25,11001005800,CHINATOWN
11001009807,"Census Tract 98.07, District of Columbia, District of Columbia",19.2,94.3,3.3,0.1,32.2,26.0,2.4,45.1,54.9,0.5191,92.5,38.2,69.8,11.75,11001009807,BELLEVUE
11001000600,"Census Tract 6, District of Columbia, District of Columbia",20.1,6.6,70.6,13.6,18.0,5.9,1.0,44.2,55.8,0.5108,94.5,25.5,89.8,16.33333333,11001000600,WOODLEY PARK
11001007503,"Census Tract 75.03, District of Columbia, District of Columbia",22.2,86.3,9.2,4.1,36.35,41.3,3.4,45.7,54.3,0.5409,84.5,46.4,72.6,14.666666665,11001007503,HISTORIC ANACOSTIA
11001000100,"Census Tract 1, District of Columbia, District of Columbia",20.2,0.7,76.5,14.0,18.78,6.4,2.3,47.9,52.1,0.516,97.0,22.5,97.3,18.0,11001000100,GEORGETOWN EAST
11001007703,"Census Tract 77.03, District of Columbia, District of Columbia",22.4,92.2,0.0,6.6,44.82,31.5,2.0,50.2,49.8,0.5206,83.8,51.1,52.0,11.583333334999999,11001007703,FORT DUPONT
11001001702,"Census Tract 17.02, District of Columbia, District of Columbia",18.7,38.1,47.9,10.9,20.86,4.5,3.8,47.4,52.6,0.4267,95.3,18.2,89.0,17.5,11001001702,BRIGHTWOOD
11001005201,"Census Tract 52.01, District of Columbia, District of Columbia",19.9,12.7,64.6,13.5,12.46,5.0,0.8,47.8,52.2,0.416,96.6,57.9,92.2,14.66666667,11001005201,LOGAN CIRCLE/SHAW
11001007407,"Census Tract 74.07, District of Columbia, District of Columbia",21.4,94.2,2.2,2.2,32.68,19.9,3.1,37.1,62.9,0.645,83.4,30.0,71.2,12.166666665000001,11001007407,HISTORIC ANACOSTIA
11001004701,"Census Tract 47.01, District of Columbia, District of Columbia",19.3,54.4,25.7,4.3,24.54,28.1,0.8,46.4,53.6,0.5327,87.7,49.3,77.1,16.083333335,11001004701,CHINATOWN
11001009904,"Census Tract 99.04, District of Columbia, District of Columbia",21.4,85.6,2.7,10.1,38.24,28.9,4.6,45.4,54.6,0.5059,86.2,34.6,61.5,11.7499999985,11001009904,MARSHALL HEIGHTS
11001004100,"Census Tract 41, District of Columbia, District of Columbia",19.0,5.5,71.8,9.0,15.86,4.8,1.0,46.5,53.5,0.5054,99.2,34.0,94.9,16.0,11001004100,GEORGETOWN EAST
11001001301,"Census Tract 13.01, District of Columbia, District of Columbia",20.3,15.0,65.6,8.0,20.7,7.6,4.9,45.4,54.6,0.5037,99.0,25.9,87.2,11.16666667,11001001301,FOREST HILLS
11001009102,"Census Tract 91.02, District of Columbia, District of Columbia",19.6,79.7,8.7,7.2,22.74,29.3,5.2,45.1,54.9,0.511,88.3,39.9,80.8,15.0,11001009102,BRENTWOOD
11001008702,"Census Tract 87.02, District of Columbia, District of Columbia",18.0,49.5,33.9,9.7,20.35,15.5,3.0,39.3,60.7,0.4227,91.5,49.0,86.9,14.75,11001008702,EDGEWOOD
11001008701,"Census Tract 87.01, District of Columbia, District of Columbia",17.4,51.2,39.2,5.5,16.36,6.3,5.6,52.7,47.3,0.4339,91.3,27.4,87.8,16.25,11001008701,BLOOMINGDALE
11001009906,"Census Tract 99.06, District of Columbia, District of Columbia",20.6,96.1,0.3,2.0,32.7,26.6,3.2,39.0,61.0,0.463,86.3,49.0,53.2,14.0,11001009906,MARSHALL HEIGHTS
11001004801,"Census Tract 48.01, District of Columbia, District of Columbia",18.6,29.4,54.9,9.7,10.72,8.1,0.7,49.2,50.8,0.4479,93.5,40.5,87.9,18.0,11001004801,LOGAN CIRCLE/SHAW
11001000902,"Census Tract 9.02, District of Columbia, District of Columbia",19.3,3.9,75.7,12.5,11.5,2.4,0.1,48.0,52.0,0.5285,97.6,5.1,96.6,15.5,11001000902,KENT/PALISADES
11001007803,"Census Tract 78.03, District of Columbia, District of Columbia",19.5,87.6,2.8,6.8,27.87,26.2,8.0,48.8,51.2,0.5463,84.0,33.0,76.2,14.25,11001007803,EASTLAND GARDENS
11001008904,"Census Tract 89.04, District of Columbia, District of Columbia",20.0,82.0,6.6,9.8,28.24,25.2,8.0,48.1,51.9,0.5091,82.1,54.5,58.3,13.416666665000001,11001008904,TRINIDAD
11001002302,"Census Tract 23.02, District of Columbia, District of Columbia",14.5,45.7,41.1,4.0,50.91,19.4,3.1,58.1,41.9,0.5009,91.6,46.7,55.2,10.66666667,11001002302,DC MEDICAL CENTER
11001004902,"Census Tract 49.02, District of Columbia, District of Columbia",20.4,24.9,44.1,16.4,22.65,14.0,3.4,45.2,54.8,0.4665,94.0,42.6,89.1,17.83333333,11001004902,LOGAN CIRCLE/SHAW
11001005001,"Census Tract 50.01, District of Columbia, District of Columbia",19.5,15.1,63.7,12.4,13.7,9.1,2.4,55.9,44.1,0.4475,91.5,40.4,90.4,16.583333335,11001005001,LOGAN CIRCLE/SHAW
11001002702,"Census Tract 27.02, District of Columbia, District of Columbia",21.7,13.0,52.7,22.0,10.28,6.4,5.1,50.2,49.8,0.5071,84.0,35.3,88.0,14.0,11001002702,MOUNT PLEASANT
11001002201,"Census Tract 22.01, District of Columbia, District of Columbia",17.2,48.7,26.9,16.8,20.22,5.1,0.8,48.5,51.5,0.4757,90.4,12.5,84.1,15.16666667,11001002201,PETWORTH
11001007808,"Census Tract 78.08, District of Columbia, District of Columbia",20.8,96.7,0.3,1.3,33.84,35.5,4.5,42.2,57.8,0.5118,76.1,36.9,64.6,13.16666667,11001007808,LINCOLN HEIGHTS
11001007304,"Census Tract 73.04, District of Columbia, District of Columbia",22.4,95.1,1.4,3.0,38.29,36.7,4.6,38.3,61.7,0.4628,76.9,48.9,70.8,14.83333333,11001007304,CONGRESS HEIGHTS/SHIPLEY
11001004400,"Census Tract 44, District of Columbia, District of Columbia",19.7,19.8,64.5,5.3,6.93,6.0,1.8,55.7,44.3,0.4196,95.8,37.8,95.1,16.916666665,11001004400,U ST/PLEASANT
11001008402,"Census Tract 84.02, District of Columbia, District of Columbia",19.7,26.1,61.5,6.8,11.47,8.5,3.6,43.2,56.8,0.492,96.6,38.6,86.9,15.5,11001008402,UNION STATION
11001000202,"Census Tract 2.02, District of Columbia, District of Columbia",23.5,6.1,75.9,9.0,16.96,19.0,2.3,49.4,50.6,0.4899,99.5,16.2,96.8,17.08333333,11001000202,GEORGETOWN
11001008803,"Census Tract 88.03, District of Columbia, District of Columbia",25.2,57.9,21.6,14.6,32.62,39.5,12.3,60.1,39.9,0.5043,85.0,44.7,59.3,17.16666667,11001008803,TRINIDAD
11001009604,"Census Tract 96.04, District of Columbia, District of Columbia",18.1,91.1,3.3,4.2,32.1,9.8,10.2,34.4,65.6,0.4192,84.2,27.5,65.3,14.166666665000001,11001009604,FORT DUPONT
11001002102,"Census Tract 21.02, District of Columbia, District of Columbia",17.6,60.6,11.3,23.8,19.04,12.7,3.9,46.2,53.8,0.4521,84.8,21.9,87.4,14.833333334999999,11001002102,BRIGHTWOOD PARK
11001002802,"Census Tract 28.02, District of Columbia, District of Columbia",20.8,23.6,28.2,36.6,35.24,22.6,14.5,48.4,51.6,0.5151,76.8,56.6,71.5,16.333333335,11001002802,COLUMBIA HEIGHTS
11001010400,"Census Tract 104, District of Columbia, District of Columbia",20.8,93.5,4.0,2.1,46.59,29.6,6.5,44.7,55.3,0.4902,86.6,50.0,76.5,14.416666665000001,11001010400,SAINT ELIZABETHS
11001003000,"Census Tract 30, District of Columbia, District of Columbia",21.6,42.8,38.3,13.6,19.32,23.2,2.4,46.2,53.8,0.506,90.3,41.9,85.6,14.5,11001003000,COLUMBIA HEIGHTS
11001005500,"Census Tract 55, District of Columbia, District of Columbia",20.9,6.6,73.6,10.0,12.82,15.3,0.3,50.9,49.1,0.4853,98.0,51.7,91.7,16.0,11001005500,GEORGETOWN EAST
11001007604,"Census Tract 76.04, District of Columbia, District of Columbia",18.6,83.1,6.7,3.5,30.69,23.4,3.4,44.1,55.9,0.5617,88.7,33.7,76.6,11.66666667,11001007604,NAYLOR/HILLCREST
11001009503,"Census Tract 95.03, District of Columbia, District of Columbia",16.0,70.5,25.1,1.8,23.08,4.5,1.0,44.5,55.5,0.3691,96.2,1.6,84.4,13.5,11001009503,WOODRIDGE
11001000802,"Census Tract 8.02, District of Columbia, District of Columbia",20.2,8.4,67.5,13.7,11.96,7.2,0.0,46.3,53.7,0.533,98.1,9.6,95.9,13.75,11001000802,KENT/PALISADES
11001010500,"Census Tract 105, District of Columbia, District of Columbia",20.2,38.1,44.7,7.4,25.79,26.8,9.2,52.3,47.7,0.4352,89.6,44.5,90.8,14.0,11001010500,SW/WATERFRONT
11001000502,"Census Tract 5.02, District of Columbia, District of Columbia",20.5,2.2,74.4,17.2,12.12,4.3,0.7,43.3,56.7,0.516,99.3,25.8,96.3,14.5,11001000502,WOODLEY PARK
11001007403,"Census Tract 74.03, District of Columbia, District of Columbia",22.3,95.3,1.3,1.5,32.21,33.2,5.5,43.4,56.6,0.5791,90.7,51.0,68.3,12.5,11001007403,DOUGLASS
11001003100,"Census Tract 31, District of Columbia, District of Columbia",18.6,29.3,30.7,28.4,19.23,7.5,1.6,51.0,49.0,0.4259,87.3,37.0,83.0,17.0,11001003100,COLUMBIA HEIGHTS
11001010300,"Census Tract 103, District of Columbia, District of Columbia",18.4,51.3,18.9,26.1,17.79,8.8,2.0,48.1,51.9,0.4383,86.9,18.7,83.5,17.0,11001010300,SHEPHERD PARK
11001006801,"Census Tract 68.01, District of Columbia, District of Columbia",18.7,31.4,50.5,7.0,22.13,9.8,0.4,47.2,52.8,0.4136,95.0,20.4,91.9,13.91666667,11001006801,HILL EAST
11001009603,"Census Tract 96.03, District of Columbia, District of Columbia",19.1,96.7,0.3,1.7,41.27,22.3,7.7,44.1,55.9,0.5019,88.4,43.9,58.8,15.16666667,11001009603,FORT DUPONT
11001004300,"Census Tract 43, District of Columbia, District of Columbia",19.6,16.4,62.6,13.7,17.23,4.8,1.1,45.4,54.6,0.5001,94.5,51.8,83.9,17.083333335,11001004300,U ST/PLEASANT
11001001600,"Census Tract 16, District of Columbia, District of Columbia",15.8,60.4,26.2,7.5,20.24,4.3,1.6,50.0,50.0,0.377,94.4,3.4,90.7,12.583333334999999,11001001600,SHEPHERD PARK
11001006802,"Census Tract 68.02, District of Columbia, District of Columbia",18.2,25.3,66.5,3.8,9.61,4.3,5.3,46.7,53.3,0.3518,99.5,12.4,97.7,14.75,11001006802,HILL EAST
11001011000,"Census Tract 110, District of Columbia, District of Columbia",17.5,26.9,58.3,10.6,18.36,6.3,1.0,40.7,59.3,0.4087,95.2,32.6,84.1,12.666666665000001,11001011000,SW/WATERFRONT
11001002202,"Census Tract 22.02, District of Columbia, District of Columbia",17.8,53.8,16.8,25.4,15.98,5.8,8.3,52.8,47.2,0.4495,89.9,30.4,76.7,13.0,11001002202,PETWORTH
11001001500,"Census Tract 15, District of Columbia, District of Columbia",17.9,9.9,78.1,7.1,9.56,2.9,1.1,53.1,46.9,0.4256,98.5,0.7,95.1,12.66666667,11001001500,BARNABY WOODS
11001001100,"Census Tract 11, District of Columbia, District of Columbia",18.7,4.9,78.8,7.1,11.52,3.8,2.3,44.0,56.0,0.5019,99.3,24.1,88.2,17.75,11001001100,TENLEYTOWN
11001000702,"Census Tract 7.02, District of Columbia, District of Columbia",23.6,8.1,65.1,13.0,16.71,13.2,2.8,37.9,62.1,0.4118,94.5,41.8,86.5,12.33333333,11001000702,CATHEDRAL HEIGHTS
11001009505,"Census Tract 95.05, District of Columbia, District of Columbia",16.4,76.2,11.4,9.3,23.28,7.2,5.3,48.0,52.0,0.4444,92.3,19.6,79.9,15.5,11001009505,LAMOND RIGGS
11001007200,"Census Tract 72, District of Columbia, District of Columbia",19.6,20.7,64.8,6.0,6.92,6.0,1.5,48.0,52.0,0.3653,96.7,33.9,94.0,16.83333333,11001007200,SW/WATERFRONT
11001009601,"Census Tract 96.01, District of Columbia, District of Columbia",21.3,96.0,2.6,1.1,36.65,32.6,4.7,35.7,64.3,0.5222,82.8,39.1,59.4,13.0,11001009601,EASTLAND GARDENS
11001003900,"Census Tract 39, District of Columbia, District of Columbia",21.0,10.3,67.9,11.1,7.84,3.4,2.4,48.6,51.4,0.3556,95.0,56.4,95.0,14.833333334999999,11001003900,ADAMS MORGAN
11001009504,"Census Tract 95.04, District of Columbia, District of Columbia",17.7,46.8,31.3,14.5,19.89,14.7,0.8,47.0,53.0,0.4298,94.6,18.8,87.2,16.08333333,11001009504,MICHIGAN PARK
11001009903,"Census Tract 99.03, District of Columbia, District of Columbia",19.2,93.0,3.2,1.2,27.59,14.6,0.7,38.5,61.5,0.4393,88.1,15.1,82.7,13.333333334999999,11001009903,MARSHALL HEIGHTS
11001007804,"Census Tract 78.04, District of Columbia, District of Columbia",19.9,93.0,1.4,0.8,40.91,26.7,5.1,48.8,51.2,0.5155,82.1,50.1,58.5,14.0,11001007804,LINCOLN HEIGHTS
11001003301,"Census Tract 33.01, District of Columbia, District of Columbia",18.2,36.2,48.3,6.9,11.04,8.2,0.9,46.4,53.6,0.3964,94.9,17.4,87.1,14.83333333,11001003301,BLOOMINGDALE
11001003700,"Census Tract 37, District of Columbia, District of Columbia",21.3,31.3,38.7,22.2,21.24,17.2,5.0,50.2,49.8,0.4941,87.3,49.5,86.9,14.66666667,11001003700,SOUTH COLUMBIA HEIGHTS
11001001401,"Census Tract 14.01, District of Columbia, District of Columbia",19.3,6.4,64.8,16.0,9.35,5.6,2.7,45.7,54.3,0.5213,97.1,22.1,97.3,16.916666665,11001001401,CHEVY CHASE
11001009803,"Census Tract 98.03, District of Columbia, District of Columbia",21.3,97.0,1.5,0.4,18.67,32.6,5.2,42.3,57.7,0.6306,91.1,48.7,77.3,12.5,11001009803,CONGRESS HEIGHTS/SHIPLEY
11001007807,"Census Tract 78.07, District of Columbia, District of Columbia",20.0,94.8,0.5,2.5,36.42,19.1,2.8,40.5,59.5,0.4199,87.4,34.0,67.5,13.66666667,11001007807,LINCOLN HEIGHTS
11001006804,"Census Tract 68.04, District of Columbia, District of Columbia",19.5,80.4,8.8,7.8,45.29,49.4,7.1,87.0,13.0,0.2843,74.7,0.0,100.0,11.83333333,11001006804,STADIUM ARMORY
11001007409,"Census Tract 74.09, District of Columbia, District of Columbia",23.2,90.0,0.2,5.5,34.71,27.2,5.4,38.5,61.5,0.4904,80.6,46.6,72.3,12.33333333,11001007409,DOUGLASS
11001008100,"Census Tract 81, District of Columbia, District of Columbia",20.7,9.2,75.4,8.4,8.72,1.0,2.9,48.7,51.3,0.3957,99.0,13.2,89.6,14.66666667,11001008100,KINGMAN PARK
11001003600,"Census Tract 36, District of Columbia, District of Columbia",19.7,27.8,45.4,14.9,13.63,16.5,6.7,52.5,47.5,0.4719,89.1,46.9,85.8,14.16666667,11001003600,SOUTH COLUMBIA HEIGHTS
11001006500,"Census Tract 65, District of Columbia, District of Columbia",22.1,11.8,66.0,20.0,13.02,18.8,3.7,48.0,52.0,0.4449,98.3,26.2,94.5,16.5,11001006500,CAPITOL HILL
11001001804,"Census Tract 18.04, District of Columbia, District of Columbia",20.3,60.7,6.4,28.5,31.8,21.8,8.9,45.0,55.0,0.5162,79.1,32.7,70.0,14.0,11001001804,BRIGHTWOOD
11001003400,"Census Tract 34, District of Columbia, District of Columbia",21.9,57.9,31.3,4.0,28.13,14.7,1.1,40.1,59.9,0.5108,90.9,42.6,69.1,16.583333335,11001003400,U ST/PLEASANT
11001008301,"Census Tract 83.01, District of Columbia, District of Columbia",20.6,10.3,80.1,5.8,5.73,5.4,2.3,50.9,49.1,0.3705,98.0,27.7,94.4,14.416666665000001,11001008301,UNION STATION
11001004201,"Census Tract 42.01, District of Columbia, District of Columbia",20.9,5.3,77.0,8.8,10.35,1.7,0.4,54.6,45.4,0.3969,95.3,55.4,91.3,14.833333334999999,11001004201,ADAMS MORGAN
11001010200,"Census Tract 102, District of Columbia, District of Columbia",18.3,23.3,55.1,8.2,14.44,6.0,0.4,49.3,50.7,0.4163,98.2,34.3,95.6,15.83333333,11001010200,SW/WATERFRONT
11001009508,"Census Tract 95.08, District of Columbia, District of Columbia",17.8,76.1,7.3,10.8,39.51,13.1,2.8,46.9,53.1,0.5102,93.0,38.6,76.3,13.0,11001009508,LAMOND RIGGS
11001007708,"Census Tract 77.08, District of Columbia, District of Columbia",23.0,95.7,0.0,0.0,40.89,44.9,2.1,45.2,54.8,0.4753,81.7,61.5,54.2,11.2499999985,11001007708,FORT DUPONT
11001007903,"Census Tract 79.03, District of Columbia, District of Columbia",17.6,68.8,21.9,5.1,17.0,16.5,4.1,46.6,53.4,0.4151,92.2,19.6,86.6,14.66666667,11001007903,KINGMAN PARK
11001008001,"Census Tract 80.01, District of Columbia, District of Columbia",19.1,26.3,62.2,4.5,8.52,3.9,0.5,47.2,52.8,0.3434,96.6,13.4,97.7,15.0,11001008001,KINGMAN PARK
11001000400,"Census Tract 4, District of Columbia, District of Columbia",19.9,2.2,73.1,14.9,17.24,10.4,1.3,44.6,55.4,0.5872,92.9,21.5,91.4,16.0,11001000400,WOODLEY PARK
11001002001,"Census Tract 20.01, District of Columbia, District of Columbia",20.2,40.7,11.4,35.9,31.95,13.2,5.0,46.9,53.1,0.4935,77.9,27.7,80.6,13.916666665000001,11001002001,16th ST HEIGHTS
11001009801,"Census Tract 98.01, District of Columbia, District of Columbia",22.2,91.9,1.6,4.8,30.67,34.3,9.7,42.6,57.4,0.4713,76.4,53.5,52.4,12.66666667,11001009801,WASHINGTON HIGHLANDS
24033803602,"Census Tract 8036.02, Prince George's County, Maryland",12.5,85.7,0.8,12.7,25.97,11.3,4.2,41.1,58.9,0.411,91.4,7.4,89.4,12.08333333,,
24033800515,"Census Tract 8005.15, Prince George's County, Maryland",12.8,59.3,27.1,8.6,16.84,3.9,6.9,43.5,56.5,0.3131,96.0,7.1,95.4,13.0,,
24033800214,"Census Tract 8002.14, Prince George's County, Maryland",13.4,69.1,20.6,5.6,27.71,1.9,7.0,51.9,48.1,0.3861,93.0,1.2,86.5,10.7500000015,,
24033801708,"Census Tract 8017.08, Prince George's County, Maryland",13.7,71.5,1.1,15.1,22.61,13.6,13.7,44.3,55.7,0.366,87.8,14.9,80.9,14.16666667,,
24033803200,"Census Tract 8032, Prince George's County, Maryland",13.8,77.2,0.7,19.3,30.94,11.8,14.1,48.8,51.2,0.3516,85.1,20.0,85.4,12.0,,
24033800511,"Census Tract 8005.11, Prince George's County, Maryland",13.4,55.5,26.8,3.1,18.62,3.0,4.3,46.3,53.7,0.3473,97.6,2.5,91.7,12.08333333,,
24033802600,"Census Tract 8026, Prince George's County, Maryland",13.5,81.4,3.3,14.2,20.04,16.5,14.6,52.8,47.2,0.3939,84.6,19.7,77.4,13.5,,
24033802201,"Census Tract 8022.01, Prince George's County, Maryland",13.1,73.0,6.0,15.4,15.56,7.6,10.2,42.5,57.5,0.3369,90.3,2.7,79.5,5.5,,
24033801211,"Census Tract 8012.11, Prince George's County, Maryland",12.5,76.7,11.8,7.6,13.88,8.9,4.1,47.1,52.9,0.2989,90.0,0.0,89.3,11.916666665000001,,
24033801307,"Census Tract 8013.07, Prince George's County, Maryland",10.8,69.0,8.6,13.3,14.63,5.6,2.6,52.2,47.8,0.3553,95.2,4.1,94.5,12.916666665000001,,
24033801005,"Census Tract 8010.05, Prince George's County, Maryland",12.2,79.3,11.7,2.3,18.91,2.2,4.0,52.0,48.0,0.2907,94.7,3.1,95.3,4.75,,
24033802804,"Census Tract 8028.04, Prince George's County, Maryland",13.1,92.0,1.3,2.5,34.33,9.4,3.3,42.1,57.9,0.3559,90.3,10.2,78.4,9.5,,
24033801207,"Census Tract 8012.07, Prince George's County, Maryland",12.0,73.3,14.4,7.4,16.93,4.1,8.5,47.6,52.4,0.346,93.7,0.0,93.2,5.0,,
24033801215,"Census Tract 8012.15, Prince George's County, Maryland",12.4,82.0,7.8,6.4,11.98,3.9,7.7,49.4,50.6,0.3304,94.6,0.0,96.5,4.333333333,,
24033802501,"Census Tract 8025.01, Prince George's County, Maryland",13.6,88.8,2.3,5.3,26.19,6.8,4.5,41.9,58.1,0.3394,90.7,25.2,75.0,13.916666665000001,,
24033800507,"Census Tract 8005.07, Prince George's County, Maryland",12.6,56.2,27.7,3.5,12.87,0.2,4.0,50.5,49.5,0.3622,97.1,0.5,97.5,6.5,,
24033800209,"Census Tract 8002.09, Prince George's County, Maryland",14.4,47.9,5.9,38.4,20.93,11.7,21.5,52.3,47.7,0.3451,75.7,5.6,84.2,10.333333334999999,,
24033801104,"Census Tract 8011.04, Prince George's County, Maryland",16.9,15.0,52.4,20.0,5.68,5.4,0.0,53.5,46.5,0.3226,98.8,2.9,92.3,7.833333333,,
24033800103,"Census Tract 8001.03, Prince George's County, Maryland",14.3,44.5,29.2,17.4,25.19,7.9,10.5,50.1,49.9,0.4259,83.7,9.8,78.1,17.166666665,,
24033802805,"Census Tract 8028.05, Prince George's County, Maryland",12.5,85.6,3.0,6.3,19.88,9.5,8.8,46.5,53.5,0.404,88.3,7.7,88.5,10.5,,
24033800203,"Census Tract 8002.03, Prince George's County, Maryland",14.1,17.1,50.3,15.3,20.68,9.1,4.0,46.5,53.5,0.3808,95.2,1.6,90.8,6.25,,
24033801704,"Census Tract 8017.04, Prince George's County, Maryland",13.7,87.0,4.1,6.2,29.69,13.1,8.3,48.1,51.9,0.3894,85.4,24.1,78.8,11.0,,
24033800505,"Census Tract 8005.05, Prince George's County, Maryland",13.9,23.4,56.3,11.1,16.69,3.4,3.4,47.9,52.1,0.309,94.9,2.1,96.6,12.08333333,,
24033802405,"Census Tract 8024.05, Prince George's County, Maryland",13.0,91.6,1.5,4.8,21.44,3.6,8.7,48.4,51.6,0.44,92.8,13.9,78.9,10.4999999985,,
24033801407,"Census Tract 8014.07, Prince George's County, Maryland",12.3,74.8,4.7,16.5,21.85,3.7,10.8,46.0,54.0,0.3493,85.7,0.7,92.2,7.0833333335,,
24033801805,"Census Tract 8018.05, Prince George's County, Maryland",12.9,90.8,5.3,1.1,32.39,6.5,7.5,48.0,52.0,0.3309,94.3,33.1,76.7,14.66666667,,
24033800605,"Census Tract 8006.05, Prince George's County, Maryland",11.9,85.1,9.9,1.9,10.66,0.5,2.0,57.5,42.5,0.3188,90.7,1.9,92.1,7.25,,
24033803002,"Census Tract 8030.02, Prince George's County, Maryland",12.2,89.3,1.1,7.0,38.49,7.1,5.2,47.1,52.9,0.354,91.4,8.0,82.1,12.583333334999999,,
24033800517,"Census Tract 8005.17, Prince George's County, Maryland",11.1,81.7,8.9,3.1,11.3,1.4,6.2,47.4,52.6,0.2938,96.0,0.9,97.7,6.25,,
24033801907,"Census Tract 8019.07, Prince George's County, Maryland",12.3,87.4,4.3,7.1,36.69,5.9,5.6,47.6,52.4,0.4856,86.2,19.6,73.9,11.916666665000001,,
24033802104,"Census Tract 8021.04, Prince George's County, Maryland",13.7,84.2,3.8,9.9,23.9,12.8,6.0,39.4,60.6,0.4039,84.0,18.7,71.7,10.5,,
24033801302,"Census Tract 8013.02, Prince George's County, Maryland",13.1,44.6,36.1,5.5,17.19,6.2,2.9,57.3,42.7,0.3645,91.5,1.7,88.7,5.083333333,,
24033801808,"Census Tract 8018.08, Prince George's County, Maryland",13.4,83.9,3.6,9.6,20.94,15.9,7.5,44.5,55.5,0.3733,85.9,11.9,80.9,12.33333333,,
24033800607,"Census Tract 8006.07, Prince George's County, Maryland",11.6,85.8,3.6,3.0,15.41,2.7,4.3,49.7,50.3,0.353,95.3,2.3,96.0,6.166666667,,
24033800409,"Census Tract 8004.09, Prince George's County, Maryland",12.8,51.2,25.6,8.4,13.04,1.5,2.1,45.7,54.3,0.3518,95.2,3.1,92.2,6.5,,
24033800601,"Census Tract 8006.01, Prince George's County, Maryland",12.0,79.5,6.9,10.7,16.0,2.2,5.8,41.1,58.9,0.367,92.7,4.5,88.8,4.5,,
24033800707,"Census Tract 8007.07, Prince George's County, Maryland",12.3,66.0,11.3,16.8,28.93,3.8,7.2,44.4,55.6,0.4107,90.6,6.6,85.0,5.0,,
24033801905,"Census Tract 8019.05, Prince George's County, Maryland",12.2,76.5,10.8,6.0,23.26,3.1,4.4,42.2,57.8,0.346,95.1,6.0,89.2,13.416666665000001,,
24033803527,"Census Tract 8035.27, Prince George's County, Maryland",12.1,94.6,2.0,1.5,21.2,4.6,4.7,43.6,56.4,0.3254,94.4,3.3,94.6,13.75,,
24033800520,"Census Tract 8005.20, Prince George's County, Maryland",12.7,81.6,3.3,5.1,36.54,8.2,5.6,44.2,55.8,0.4749,90.5,15.1,81.6,14.5,,
24033802103,"Census Tract 8021.03, Prince George's County, Maryland",12.6,80.8,5.7,8.7,23.96,4.8,5.9,48.8,51.2,0.3669,91.7,2.2,87.2,15.583333329999999,,
24033800705,"Census Tract 8007.05, Prince George's County, Maryland",12.2,78.5,8.9,4.9,12.23,2.7,2.1,42.4,57.6,0.3404,94.8,4.9,95.9,5.75,,
24033801309,"Census Tract 8013.09, Prince George's County, Maryland",11.5,67.9,20.7,1.6,15.28,2.3,2.2,48.5,51.5,0.3592,94.7,0.0,94.7,6.916666665,,
24033800608,"Census Tract 8006.08, Prince George's County, Maryland",11.5,87.7,4.6,4.4,12.65,2.2,0.5,49.8,50.2,0.2811,98.0,3.2,94.8,7.25,,
24033803402,"Census Tract 8034.02, Prince George's County, Maryland",14.4,86.4,1.3,8.0,28.05,17.9,1.6,38.6,61.4,0.3951,85.7,16.4,76.9,12.33333333,,
24033803607,"Census Tract 8036.07, Prince George's County, Maryland",13.0,57.0,9.4,27.1,28.16,7.9,15.3,47.4,52.6,0.3411,78.4,3.6,87.9,12.5,,
24033803509,"Census Tract 8035.09, Prince George's County, Maryland",14.5,73.1,2.6,18.2,29.11,15.9,21.3,46.3,53.7,0.5023,80.5,17.2,80.0,13.083333334999999,,
24033801404,"Census Tract 8014.04, Prince George's County, Maryland",11.4,54.6,18.0,10.5,21.57,5.2,8.0,45.1,54.9,0.4131,93.8,2.4,90.3,11.83333333,,
24033800518,"Census Tract 8005.18, Prince George's County, Maryland",10.8,81.3,12.2,0.6,14.08,3.2,3.1,48.7,51.3,0.4293,97.9,1.3,94.8,6.0,,
24033801701,"Census Tract 8017.01, Prince George's County, Maryland",13.0,85.6,2.0,8.4,21.48,13.7,6.3,46.8,53.2,0.3711,93.0,12.5,88.6,10.0833333335,,
24033800402,"Census Tract 8004.02, Prince George's County, Maryland",14.0,25.4,49.1,14.6,17.46,4.6,4.2,44.7,55.3,0.3707,93.7,6.0,93.9,13.58333333,,
24033802901,"Census Tract 8029.01, Prince George's County, Maryland",13.7,79.5,3.9,16.4,21.42,23.4,3.9,44.4,55.6,0.4822,84.2,22.4,78.5,16.0,,
24033800704,"Census Tract 8007.04, Prince George's County, Maryland",13.0,81.5,9.9,2.7,13.85,10.7,4.4,45.6,54.4,0.3878,97.8,5.3,92.2,4.666666667,,
24033801216,"Census Tract 8012.16, Prince George's County, Maryland",11.8,82.7,4.1,10.4,17.32,0.9,3.2,42.9,57.1,0.3512,95.1,1.4,92.8,6.333333333,,
24033801208,"Census Tract 8012.08, Prince George's County, Maryland",12.1,86.7,5.4,1.7,14.31,1.4,2.4,42.7,57.3,0.2817,95.1,2.3,91.8,4.833333333500001,,
24033800208,"Census Tract 8002.08, Prince George's County, Maryland",12.5,63.9,15.4,10.1,10.66,5.7,8.3,48.8,51.2,0.361,94.0,3.5,90.9,5.666666667,,
24033803524,"Census Tract 8035.24, Prince George's County, Maryland",12.9,89.8,2.4,6.4,17.41,15.6,9.1,43.7,56.3,0.3607,94.3,6.7,88.1,10.833333334999999,,
24033800108,"Census Tract 8001.08, Prince George's County, Maryland",13.3,60.5,13.5,16.2,19.51,10.3,12.3,46.0,54.0,0.3834,97.3,5.8,92.0,18.833333335,,
24033801214,"Census Tract 8012.14, Prince George's County, Maryland",13.0,68.1,14.8,13.0,22.56,6.2,6.8,51.3,48.7,0.4443,87.4,8.3,73.1,7.0833333335,,
24033803521,"Census Tract 8035.21, Prince George's County, Maryland",10.7,83.6,8.5,1.7,18.44,6.2,5.4,45.2,54.8,0.37,95.0,6.2,90.2,10.0,,
24033800413,"Census Tract 8004.13, Prince George's County, Maryland",13.0,85.7,3.7,3.9,14.0,9.9,9.4,43.1,56.9,0.3392,93.7,11.4,92.2,11.8333333335,,
24033803520,"Census Tract 8035.20, Prince George's County, Maryland",11.3,79.3,3.8,7.9,16.77,2.9,4.4,51.1,48.9,0.2695,92.7,2.0,98.2,5.666666667,,
24033803522,"Census Tract 8035.22, Prince George's County, Maryland",12.0,88.2,6.7,2.1,24.27,5.0,1.9,39.8,60.2,0.3114,95.8,1.8,96.0,12.66666667,,
24033801409,"Census Tract 8014.09, Prince George's County, Maryland",12.6,60.1,3.1,35.3,20.77,13.0,12.6,48.6,51.4,0.3165,76.5,6.4,82.5,10.3333333335,,
24033801003,"Census Tract 8010.03, Prince George's County, Maryland",13.2,76.1,11.9,6.1,20.92,3.7,2.5,52.2,47.8,0.3686,94.6,0.7,89.0,7.166666667,,
24033802001,"Census Tract 8020.01, Prince George's County, Maryland",14.0,73.1,3.0,20.8,18.83,5.9,15.3,48.5,51.5,0.3438,77.5,22.5,70.1,10.5,,
24033800212,"Census Tract 8002.12, Prince George's County, Maryland",11.2,50.4,18.8,7.9,25.91,4.7,3.4,46.0,54.0,0.3717,93.6,1.8,92.9,13.0,,
24033801500,"Census Tract 8015, Prince George's County, Maryland",12.8,66.6,3.4,25.7,29.36,4.6,12.4,46.6,53.4,0.2925,85.1,2.0,86.4,13.333333334999999,,
24033800109,"Census Tract 8001.09, Prince George's County, Maryland",14.5,41.4,20.0,34.6,14.72,9.4,11.7,53.2,46.8,0.4186,83.3,12.1,86.2,13.66666667,,
24033803513,"Census Tract 8035.13, Prince George's County, Maryland",12.1,89.7,1.5,5.0,17.07,2.7,4.9,45.3,54.7,0.3316,95.7,2.7,93.5,11.83333333,,
24033800900,"Census Tract 8009, Prince George's County, Maryland",14.4,48.5,31.5,0.1,30.12,4.4,1.2,52.8,47.2,0.4069,85.9,2.6,65.7,3.6666666670000003,,
24033802204,"Census Tract 8022.04, Prince George's County, Maryland",12.2,89.7,2.6,7.0,17.91,7.4,4.6,40.9,59.1,0.3069,92.7,7.3,82.3,7.583333333500001,,
24033803300,"Census Tract 8033, Prince George's County, Maryland",13.0,70.0,1.1,23.2,19.92,7.0,9.2,50.4,49.6,0.3778,83.7,9.6,86.9,14.083333334999999,,
24033802407,"Census Tract 8024.07, Prince George's County, Maryland",13.2,91.2,3.1,0.9,26.85,8.7,5.3,41.9,58.1,0.3928,91.5,20.8,71.3,14.25,,
24033802404,"Census Tract 8024.04, Prince George's County, Maryland",14.8,87.9,1.3,5.7,31.47,19.5,9.0,38.5,61.5,0.4312,88.0,22.3,72.2,11.0,,
24033801405,"Census Tract 8014.05, Prince George's County, Maryland",12.4,47.4,7.1,30.6,23.93,10.3,13.3,49.4,50.6,0.3808,80.5,12.3,83.0,15.583333335,,
24033800215,"Census Tract 8002.15, Prince George's County, Maryland",13.2,73.6,10.4,9.3,16.98,1.5,1.6,48.4,51.6,0.3225,97.0,2.7,95.7,9.9166666665,,
24033802406,"Census Tract 8024.06, Prince George's County, Maryland",13.2,91.2,2.2,4.0,23.01,14.0,8.4,45.0,55.0,0.3725,91.8,7.9,80.1,12.5,,
24033801410,"Census Tract 8014.10, Prince George's County, Maryland",11.4,63.3,4.6,12.3,25.6,7.0,11.1,49.4,50.6,0.3513,89.3,0.0,92.2,10.1666666685,,
24033801702,"Census Tract 8017.02, Prince George's County, Maryland",13.8,81.7,1.3,15.0,22.36,9.1,13.3,40.6,59.4,0.3495,88.3,15.9,84.0,10.5000000015,,
24033801906,"Census Tract 8019.06, Prince George's County, Maryland",13.9,62.8,21.3,10.3,12.28,5.4,4.1,38.3,61.7,0.3546,80.2,11.7,69.1,11.083333334999999,,
24033801004,"Census Tract 8010.04, Prince George's County, Maryland",12.5,73.7,14.3,3.7,15.33,2.9,3.4,49.6,50.4,0.3308,95.5,1.6,86.1,5.916666666499999,,
24033801213,"Census Tract 8012.13, Prince George's County, Maryland",12.2,80.5,3.3,14.8,24.72,3.1,4.2,48.2,51.8,0.3354,93.2,3.0,94.5,7.083333333000001,,
24033801807,"Census Tract 8018.07, Prince George's County, Maryland",12.6,94.8,1.0,3.3,24.9,9.6,4.9,43.8,56.2,0.3495,88.2,15.6,89.3,9.333333333,,
24033803605,"Census Tract 8036.05, Prince George's County, Maryland",13.0,43.2,11.2,36.2,11.67,4.0,14.5,48.3,51.7,0.3419,77.7,5.4,90.6,13.833333334999999,,
24033800412,"Census Tract 8004.12, Prince George's County, Maryland",12.6,59.0,8.5,21.4,25.28,2.8,8.2,46.8,53.2,0.3667,90.9,9.6,84.5,11.833333334999999,,
24033801706,"Census Tract 8017.06, Prince George's County, Maryland",13.0,81.9,4.5,11.0,20.29,7.8,9.4,49.0,51.0,0.4397,90.6,5.8,84.9,10.33333333,,
24033801210,"Census Tract 8012.10, Prince George's County, Maryland",12.5,80.1,4.5,8.3,14.79,9.6,7.2,51.4,48.6,0.4624,91.5,1.6,95.6,4.75,,
24033800606,"Census Tract 8006.06, Prince George's County, Maryland",13.1,85.4,8.4,1.4,17.12,3.1,3.6,47.6,52.4,0.3107,98.8,4.7,87.0,8.166666667,,
24033801801,"Census Tract 8018.01, Prince George's County, Maryland",13.5,95.8,0.5,2.0,13.98,16.2,9.0,46.3,53.7,0.37,95.6,14.3,85.2,15.5,,
24033802502,"Census Tract 8025.02, Prince George's County, Maryland",13.0,90.9,1.4,6.9,21.78,11.2,8.2,44.4,55.6,0.3587,84.7,10.3,81.8,14.416666670000001,,
24033800411,"Census Tract 8004.11, Prince George's County, Maryland",12.3,60.0,22.4,7.4,27.82,7.3,4.0,43.7,56.3,0.361,91.5,6.4,97.5,6.166666666499999,,
24033801212,"Census Tract 8012.12, Prince George's County, Maryland",12.0,83.0,10.3,5.9,18.21,5.9,5.8,50.3,49.7,0.3147,89.8,0.8,87.8,13.916666665000001,,
24033803100,"Census Tract 8031, Prince George's County, Maryland",12.9,78.5,3.1,14.1,31.08,14.8,6.7,47.0,53.0,0.4874,87.2,17.8,73.1,12.833333334999999,,
24033800105,"Census Tract 8001.05, Prince George's County, Maryland",13.6,61.5,16.1,12.2,13.9,8.7,7.1,50.6,49.4,0.359,89.3,5.4,93.4,11.5,,
24033800513,"Census Tract 8005.13, Prince George's County, Maryland",13.2,46.6,39.3,4.2,11.4,1.2,2.7,51.3,48.7,0.3081,95.0,1.9,98.4,10.1666666665,,
24033803601,"Census Tract 8036.01, Prince George's County, Maryland",11.3,79.8,1.1,17.5,19.72,4.5,7.4,53.2,46.8,0.2733,89.1,2.9,96.7,8.4166666665,,
24033801707,"Census Tract 8017.07, Prince George's County, Maryland",14.6,59.8,1.6,35.2,32.76,8.1,22.1,49.6,50.4,0.3471,66.5,20.2,74.3,10.66666667,,
24033800509,"Census Tract 8005.09, Prince George's County, Maryland",11.2,90.2,2.3,1.8,15.36,4.3,1.9,46.7,53.3,0.3776,97.6,4.8,89.9,8.1666666665,,
24033801312,"Census Tract 8013.12, Prince George's County, Maryland",12.3,64.5,6.5,21.1,17.43,6.2,5.2,50.5,49.5,0.3468,83.0,0.8,91.8,12.33333333,,
24033802107,"Census Tract 8021.07, Prince George's County, Maryland",14.4,92.7,2.2,4.1,27.7,7.3,3.9,47.9,52.1,0.3485,88.5,15.2,82.9,9.5,,
24033802700,"Census Tract 8027, Prince George's County, Maryland",13.3,76.6,3.5,17.3,25.51,12.9,16.4,43.0,57.0,0.4229,76.9,15.4,65.9,15.0,,
24033802106,"Census Tract 8021.06, Prince George's County, Maryland",14.3,93.0,0.4,4.1,20.05,11.6,9.3,44.8,55.2,0.3818,93.3,18.2,89.4,8.333333333,,
24033801901,"Census Tract 8019.01, Prince George's County, Maryland",12.2,78.0,8.7,10.6,16.58,4.6,8.0,45.1,54.9,0.3727,94.4,2.4,87.1,8.333333334999999,,
24033801308,"Census Tract 8013.08, Prince George's County, Maryland",11.2,73.2,6.2,8.8,15.43,3.0,7.8,52.4,47.6,0.2843,97.9,0.0,89.3,10.75,,
24033801802,"Census Tract 8018.02, Prince George's County, Maryland",13.1,91.1,1.3,5.8,31.81,9.8,4.7,47.7,52.3,0.3723,95.6,28.9,81.9,16.0,,
24033800408,"Census Tract 8004.08, Prince George's County, Maryland",12.1,68.8,13.9,5.1,13.63,4.0,6.0,51.6,48.4,0.3237,91.7,0.8,97.8,5.5,,
24033803508,"Census Tract 8035.08, Prince George's County, Maryland",14.2,75.9,9.8,13.4,37.42,24.4,16.2,48.4,51.6,0.368,81.7,7.4,82.3,13.83333333,,
24033803001,"Census Tract 8030.01, Prince George's County, Maryland",12.6,83.7,1.1,10.6,28.24,7.5,9.5,44.1,55.9,0.3695,84.6,4.9,78.1,14.333333334999999,,
24033800516,"Census Tract 8005.16, Prince George's County, Maryland",12.8,65.0,17.5,7.5,21.04,5.0,3.0,42.3,57.7,0.3681,96.5,5.9,89.3,15.416666665,,
24033800210,"Census Tract 8002.10, Prince George's County, Maryland",15.0,74.8,9.0,13.2,20.93,8.6,9.5,51.8,48.2,0.4696,88.4,8.8,83.3,12.25,,
24033800706,"Census Tract 8007.06, Prince George's County, Maryland",11.9,78.5,11.2,2.0,14.79,11.1,3.6,46.6,53.4,0.2821,93.3,0.0,96.9,5.5,,
24033800604,"Census Tract 8006.04, Prince George's County, Maryland",13.2,85.5,3.0,6.8,25.45,17.0,10.8,44.5,55.5,0.4099,92.2,3.0,89.4,3.166666667,,
24033803526,"Census Tract 8035.26, Prince George's County, Maryland",11.8,93.2,2.3,1.5,23.65,5.1,4.3,41.6,58.4,0.3797,96.2,4.4,93.6,11.75,,
24033801305,"Census Tract 8013.05, Prince George's County, Maryland",12.1,65.5,5.2,14.5,12.85,10.0,8.1,50.7,49.3,0.303,89.9,2.5,92.3,10.5,,
24033801217,"Census Tract 8012.17, Prince George's County, Maryland",11.7,74.4,7.3,11.8,24.5,5.2,3.8,49.8,50.2,0.3473,93.6,6.2,86.3,8.833333334999999,,
24033800102,"Census Tract 8001.02, Prince George's County, Maryland",14.8,37.5,53.0,7.6,28.48,5.6,11.8,51.9,48.1,0.4711,85.5,10.4,85.8,17.33333333,,
24033800211,"Census Tract 8002.11, Prince George's County, Maryland",13.4,67.0,15.5,8.0,24.46,11.0,5.4,42.0,58.0,0.4406,89.5,16.4,79.9,11.5,,
24033803519,"Census Tract 8035.19, Prince George's County, Maryland",12.1,91.6,2.9,3.5,21.33,1.4,2.5,43.4,56.6,0.3026,92.9,3.9,94.1,10.66666667,,
24033803512,"Census Tract 8035.12, Prince George's County, Maryland",12.3,78.4,8.4,6.5,14.69,9.8,6.8,48.9,51.1,0.3562,91.7,1.2,95.3,4.0,,
24033801904,"Census Tract 8019.04, Prince George's County, Maryland",13.2,78.5,11.7,4.1,19.34,8.6,6.1,44.6,55.4,0.4264,89.2,15.7,74.3,12.3333333315,,
24033801310,"Census Tract 8013.10, Prince George's County, Maryland",12.1,70.4,17.9,1.9,13.59,2.7,3.0,46.1,53.9,0.3351,95.1,1.5,93.5,6.5,,
24033800213,"Census Tract 8002.13, Prince George's County, Maryland",12.9,44.7,15.6,22.5,15.82,6.5,10.8,45.3,54.7,0.4182,87.7,3.0,92.3,16.66666667,,
24033803523,"Census Tract 8035.23, Prince George's County, Maryland",11.3,91.7,3.0,3.9,27.45,6.0,5.3,50.1,49.9,0.3473,95.1,0.0,97.9,7.3333333335,,
24033801408,"Census Tract 8014.08, Prince George's County, Maryland",13.3,85.7,3.5,1.1,18.55,12.3,3.9,52.2,47.8,0.35,90.4,8.9,90.5,10.166666665000001,,
24033800701,"Census Tract 8007.01, Prince George's County, Maryland",11.8,87.8,4.2,5.6,10.89,2.5,2.9,45.5,54.5,0.2764,94.5,0.0,99.0,6.416666666499999,,
24033801804,"Census Tract 8018.04, Prince George's County, Maryland",12.2,85.0,3.4,9.9,31.27,11.4,12.2,52.8,47.2,0.3707,86.5,7.1,80.7,12.41666667,,
24033800206,"Census Tract 8002.06, Prince George's County, Maryland",12.9,64.7,17.6,10.6,18.0,4.7,6.4,46.3,53.7,0.3739,92.7,4.2,91.7,10.4166666685,,
24033800504,"Census Tract 8005.04, Prince George's County, Maryland",13.8,25.0,52.0,15.3,16.3,3.4,4.3,46.3,53.7,0.3311,96.8,2.5,96.1,11.66666667,,
24033801313,"Census Tract 8013.13, Prince George's County, Maryland",11.8,67.5,7.3,15.2,14.76,2.6,7.8,52.8,47.2,0.3678,89.8,12.1,90.2,8.6666666665,,
24033803514,"Census Tract 8035.14, Prince George's County, Maryland",12.0,92.4,2.4,0.0,18.74,6.8,6.3,43.5,56.5,0.3431,97.4,17.6,82.7,14.333333334999999,,
24033801600,"Census Tract 8016, Prince George's County, Maryland",13.6,86.3,3.5,5.2,24.57,10.3,9.4,33.0,67.0,0.3174,86.1,15.5,73.8,13.33333333,,
24033802002,"Census Tract 8020.02, Prince George's County, Maryland",12.8,91.3,1.6,5.8,19.27,4.4,7.2,43.7,56.3,0.3331,92.9,11.7,84.4,13.5,,
24033803516,"Census Tract 8035.16, Prince George's County, Maryland",12.3,87.5,6.9,1.2,17.87,4.4,1.7,42.7,57.3,0.3014,96.1,1.8,94.7,10.7500000015,,
24033800514,"Census Tract 8005.14, Prince George's County, Maryland",11.1,75.3,9.1,3.1,7.73,1.9,4.5,47.3,52.7,0.3099,98.1,0.4,99.4,9.166666667,,
24033800410,"Census Tract 8004.10, Prince George's County, Maryland",13.4,60.4,22.5,6.8,14.27,2.9,3.2,49.0,51.0,0.3154,94.4,0.5,98.5,5.5,,
24033801006,"Census Tract 8010.06, Prince George's County, Maryland",12.8,86.2,5.7,3.0,21.44,6.2,3.2,43.3,56.7,0.3582,95.1,2.5,97.0,5.75,,
24033800401,"Census Tract 8004.01, Prince George's County, Maryland",14.2,25.0,57.2,8.7,9.2,3.9,4.1,45.3,54.7,0.3019,93.1,0.6,98.1,9.833333333,,
24033802301,"Census Tract 8023.01, Prince George's County, Maryland",12.9,79.8,2.1,15.0,16.25,9.6,10.1,54.1,45.9,0.3647,83.6,3.7,89.9,14.16666667,,
24033800106,"Census Tract 8001.06, Prince George's County, Maryland",12.8,66.5,17.4,4.1,15.96,9.6,5.8,41.7,58.3,0.3781,97.0,1.2,98.1,11.8333333315,,
24033800403,"Census Tract 8004.03, Prince George's County, Maryland",13.3,38.0,47.1,8.8,14.67,7.5,1.0,46.5,53.5,0.4172,97.5,2.6,95.6,12.75,,
24033802203,"Census Tract 8022.03, Prince George's County, Maryland",13.2,90.7,2.4,5.4,39.24,18.0,6.0,52.7,47.3,0.4085,91.0,9.4,79.2,13.0,,
24033802408,"Census Tract 8024.08, Prince George's County, Maryland",12.8,86.9,3.2,8.1,15.54,10.5,11.4,43.6,56.4,0.4022,92.4,20.1,74.4,10.3333333335,,
24033803606,"Census Tract 8036.06, Prince George's County, Maryland",13.2,48.6,6.4,38.3,27.8,9.9,16.9,54.6,45.4,0.3596,78.1,2.0,88.8,13.166666665000001,,
24033801209,"Census Tract 8012.09, Prince George's County, Maryland",12.1,81.4,7.0,5.8,18.84,4.8,4.9,50.0,50.0,0.3548,97.0,1.1,96.3,4.75,,
24033801406,"Census Tract 8014.06, Prince George's County, Maryland",12.7,89.8,2.4,4.2,20.09,8.6,4.0,49.2,50.8,0.2774,95.4,3.9,92.8,6.0,,
24033801411,"Census Tract 8014.11, Prince George's County, Maryland",11.4,56.5,3.0,23.3,18.49,14.0,7.2,47.0,53.0,0.3131,92.9,2.2,86.4,12.25,,
24033801311,"Census Tract 8013.11, Prince George's County, Maryland",12.1,77.1,7.7,5.1,10.82,4.5,1.6,45.3,54.7,0.3195,92.6,0.6,93.5,3.833333333,,
24033803401,"Census Tract 8034.01, Prince George's County, Maryland",13.9,61.0,0.0,38.5,27.29,8.4,13.9,56.8,43.2,0.3578,64.4,10.0,91.7,13.0,,
24033800519,"Census Tract 8005.19, Prince George's County, Maryland",12.9,63.7,19.7,5.9,22.57,1.5,2.5,47.5,52.5,0.3457,92.4,4.4,97.5,9.333333333,,
24033801908,"Census Tract 8019.08, Prince George's County, Maryland",13.5,93.2,0.6,3.5,33.05,5.6,10.0,42.6,57.4,0.2978,86.7,13.1,77.6,12.333333334999999,,
24033802803,"Census Tract 8028.03, Prince George's County, Maryland",13.2,90.6,1.6,6.1,22.05,11.9,11.4,45.3,54.7,0.4137,87.4,14.7,81.0,8.833333334999999,,
24033803525,"Census Tract 8035.25, Prince George's County, Maryland",13.5,97.4,0.4,1.2,19.64,11.5,7.3,40.6,59.4,0.4085,94.2,6.4,89.3,14.0,,
24033800800,"Census Tract 8008, Prince George's County, Maryland",13.9,30.2,52.3,9.3,12.99,6.7,8.4,54.0,46.0,0.3906,94.6,2.3,83.6,3.333333333,,
24033806800,"Census Tract 8068, Prince George's County, Maryland",13.9,11.2,45.4,30.0,22.91,4.7,13.7,51.7,48.3,0.3594,83.2,1.5,89.3,13.33333333,,
24033806712,"Census Tract 8067.12, Prince George's County, Maryland",12.8,68.7,10.9,8.5,13.39,4.4,3.5,42.6,57.4,0.3699,94.9,8.1,92.8,13.916666665000001,,
24033804700,"Census Tract 8047, Prince George's County, Maryland",13.4,32.2,37.6,25.9,20.47,6.3,8.0,42.9,57.1,0.3927,83.3,19.8,83.3,15.16666667,,
24033807102,"Census Tract 8071.02, Prince George's County, Maryland",14.9,16.3,51.4,24.9,8.61,13.9,8.7,53.6,46.4,0.3922,78.6,5.8,88.0,14.41666667,,
24033804801,"Census Tract 8048.01, Prince George's County, Maryland",14.3,55.2,2.6,34.2,14.62,15.7,13.2,50.1,49.9,0.3381,78.4,24.2,86.3,12.416666665000001,,
24033806713,"Census Tract 8067.13, Prince George's County, Maryland",14.2,63.1,3.1,32.7,33.59,11.8,18.0,48.9,51.1,0.3686,79.8,12.4,91.6,13.916666670000001,,
24033805801,"Census Tract 8058.01, Prince George's County, Maryland",13.6,28.1,2.3,64.7,17.67,8.2,21.7,51.3,48.7,0.3571,59.3,5.7,87.7,14.08333333,,
24033804101,"Census Tract 8041.01, Prince George's County, Maryland",14.0,56.8,15.5,18.4,13.44,5.5,10.3,46.8,53.2,0.4187,79.1,9.1,84.9,10.166666665000001,,
24033805601,"Census Tract 8056.01, Prince George's County, Maryland",16.2,3.5,0.0,95.5,50.5,25.7,55.1,59.0,41.0,0.3389,25.2,31.8,74.5,15.33333333,,
24033804400,"Census Tract 8044, Prince George's County, Maryland",13.3,33.7,12.0,42.9,33.69,8.0,15.2,52.5,47.5,0.4369,73.7,13.3,77.6,15.0,,
24033807404,"Census Tract 8074.04, Prince George's County, Maryland",13.6,25.4,22.5,40.0,19.53,7.8,21.1,51.0,49.0,0.3604,82.2,1.2,92.1,12.83333333,,
24033803900,"Census Tract 8039, Prince George's County, Maryland",14.2,18.1,5.0,75.3,24.23,8.4,35.4,57.4,42.6,0.3872,58.1,7.4,73.9,14.66666667,,
24033803700,"Census Tract 8037, Prince George's County, Maryland",14.1,31.4,9.1,52.1,22.83,10.9,13.2,53.2,46.8,0.375,70.8,4.6,86.1,12.41666667,,
24033806000,"Census Tract 8060, Prince George's County, Maryland",14.2,20.8,11.7,58.5,17.8,8.1,21.1,53.7,46.3,0.3537,66.4,12.3,89.4,15.5,,
24033803612,"Census Tract 8036.12, Prince George's County, Maryland",14.6,65.1,3.9,29.0,25.65,6.1,12.9,51.5,48.5,0.3591,76.2,20.1,73.3,15.166666665,,
24033806710,"Census Tract 8067.10, Prince George's County, Maryland",12.1,58.4,14.5,4.1,17.44,11.1,5.3,44.1,55.9,0.3792,99.0,4.9,90.4,15.5,,
24033806501,"Census Tract 8065.01, Prince George's County, Maryland",14.8,18.0,13.7,65.1,26.97,11.5,33.1,55.6,44.4,0.3768,56.4,14.2,76.0,14.83333333,,
24033803608,"Census Tract 8036.08, Prince George's County, Maryland",12.6,54.5,7.8,33.0,15.76,5.7,12.3,50.4,49.6,0.4058,84.5,4.7,87.2,13.416666665000001,,
24033807301,"Census Tract 8073.01, Prince George's County, Maryland",12.4,38.8,20.3,21.5,20.69,15.9,8.2,53.9,46.1,0.426,91.3,9.5,91.3,7.3333333335,,
24033805201,"Census Tract 8052.01, Prince George's County, Maryland",13.9,42.0,0.6,55.3,38.02,17.6,24.9,45.6,54.4,0.4104,69.6,16.8,83.0,14.66666667,,
24033805909,"Census Tract 8059.09, Prince George's County, Maryland",13.3,49.4,15.8,23.4,23.05,9.6,13.6,54.3,45.7,0.3607,86.9,21.5,91.1,10.833333334999999,,
24033804200,"Census Tract 8042, Prince George's County, Maryland",12.2,27.9,58.1,4.2,21.09,3.5,2.0,45.7,54.3,0.2867,98.5,5.3,96.0,13.33333333,,
24033806706,"Census Tract 8067.06, Prince George's County, Maryland",12.8,53.8,17.3,15.1,31.64,6.3,13.4,47.6,52.4,0.3525,88.9,4.4,89.6,9.166666667,,
24033806200,"Census Tract 8062, Prince George's County, Maryland",13.8,33.8,45.0,13.0,21.31,9.3,3.6,46.7,53.3,0.395,91.5,13.5,90.9,13.33333333,,
24033805904,"Census Tract 8059.04, Prince George's County, Maryland",12.4,24.7,19.6,49.2,20.62,7.1,19.3,52.5,47.5,0.3499,76.4,3.4,92.8,13.0,,
24033807408,"Census Tract 8074.08, Prince George's County, Maryland",12.9,33.5,38.6,13.5,15.42,4.4,6.3,47.3,52.7,0.3248,95.5,0.3,94.9,10.83333333,,
24033806601,"Census Tract 8066.01, Prince George's County, Maryland",14.7,26.9,2.9,69.9,46.8,12.6,32.8,51.6,48.4,0.3877,54.4,21.8,67.3,15.33333333,,
24033805500,"Census Tract 8055, Prince George's County, Maryland",14.7,22.2,4.4,68.6,40.2,18.0,30.2,53.5,46.5,0.5071,56.8,28.6,74.5,14.916666665000001,,
24033804802,"Census Tract 8048.02, Prince George's County, Maryland",13.9,40.1,1.0,55.0,34.71,6.0,26.2,52.5,47.5,0.292,61.5,37.4,66.0,12.75,,
24033805000,"Census Tract 8050, Prince George's County, Maryland",12.8,53.8,5.8,38.4,24.3,7.6,17.6,49.6,50.4,0.381,80.7,23.0,79.7,15.66666667,,
24033804300,"Census Tract 8043, Prince George's County, Maryland",13.6,58.8,3.8,32.0,20.56,16.2,19.0,52.4,47.6,0.4274,76.6,23.3,73.0,13.416666665000001,,
24033803803,"Census Tract 8038.03, Prince George's County, Maryland",14.0,29.7,3.6,64.1,26.63,8.5,17.4,53.5,46.5,0.3371,73.1,2.3,83.2,12.16666667,,
24033804600,"Census Tract 8046, Prince George's County, Maryland",14.0,28.4,14.8,51.8,27.96,10.9,17.3,51.1,48.9,0.391,75.5,6.1,87.8,17.166666665,,
24033807405,"Census Tract 8074.05, Prince George's County, Maryland",13.7,22.1,32.7,29.4,13.04,8.7,6.8,47.3,52.7,0.3198,89.5,3.4,84.8,11.33333333,,
24033807407,"Census Tract 8074.07, Prince George's County, Maryland",11.8,54.1,13.3,16.4,16.25,5.0,11.2,46.5,53.5,0.3955,86.9,8.1,91.8,12.33333333,,
24033804002,"Census Tract 8040.02, Prince George's County, Maryland",13.3,41.5,8.5,47.6,37.74,7.3,12.3,47.4,52.6,0.4641,80.8,9.2,80.3,16.5,,
24033805700,"Census Tract 8057, Prince George's County, Maryland",14.3,22.2,4.5,67.5,24.76,15.1,25.0,54.0,46.0,0.3821,58.8,8.0,85.7,12.83333333,,
24033806714,"Census Tract 8067.14, Prince George's County, Maryland",14.6,43.4,9.5,36.4,15.55,16.0,25.7,50.9,49.1,0.4047,78.9,16.2,84.5,12.333333334999999,,
24033805101,"Census Tract 8051.01, Prince George's County, Maryland",14.5,15.2,3.5,73.8,26.94,10.4,25.4,48.8,51.2,0.3435,55.1,17.9,75.0,13.666666665000001,,
24033803613,"Census Tract 8036.13, Prince George's County, Maryland",14.2,73.1,4.4,20.7,28.27,13.6,17.1,44.8,55.2,0.3672,81.3,22.6,79.7,11.66666667,,
24033806711,"Census Tract 8067.11, Prince George's County, Maryland",13.3,73.4,5.6,16.1,24.09,7.3,19.0,42.0,58.0,0.3687,89.3,12.0,88.1,13.16666667,,
24033806400,"Census Tract 8064, Prince George's County, Maryland",13.7,10.4,62.0,10.1,18.82,11.5,5.2,52.4,47.6,0.4348,94.3,7.1,94.3,11.66666667,,
24033804001,"Census Tract 8040.01, Prince George's County, Maryland",14.5,77.8,2.3,17.9,36.14,18.2,11.3,42.5,57.5,0.4262,84.3,26.2,80.6,10.66666667,,
24033806100,"Census Tract 8061, Prince George's County, Maryland",14.2,25.6,31.0,36.9,17.04,15.8,10.4,50.1,49.9,0.3948,81.8,6.5,93.4,14.0,,
24033806900,"Census Tract 8069, Prince George's County, Maryland",14.8,11.3,32.0,42.4,18.89,10.5,12.8,54.0,46.0,0.3845,72.3,2.7,90.8,12.16666667,,
24033807305,"Census Tract 8073.05, Prince George's County, Maryland",12.8,39.3,8.8,45.6,18.02,5.7,13.1,57.7,42.3,0.3241,77.2,4.9,95.5,10.58333333,,
24033804102,"Census Tract 8041.02, Prince George's County, Maryland",13.4,61.1,4.3,31.4,13.58,5.5,13.7,49.7,50.3,0.3741,79.6,6.8,79.4,15.16666667,,
24033803610,"Census Tract 8036.10, Prince George's County, Maryland",12.9,54.5,8.0,32.1,14.39,3.0,15.0,58.8,41.2,0.3934,83.1,6.4,89.7,12.8333333315,,
24033806300,"Census Tract 8063, Prince George's County, Maryland",14.0,32.2,21.7,36.2,10.76,6.4,11.2,44.9,55.1,0.3886,79.6,4.5,83.5,14.583333334999999,,
24033804900,"Census Tract 8049, Prince George's County, Maryland",12.8,56.8,7.2,28.3,33.12,7.2,20.2,44.5,55.5,0.4455,76.1,16.3,78.3,14.66666667,,
24033805908,"Census Tract 8059.08, Prince George's County, Maryland",14.3,47.8,4.8,33.3,25.81,14.5,25.9,51.0,49.0,0.3534,83.2,23.9,92.2,15.083333334999999,,
24033805906,"Census Tract 8059.06, Prince George's County, Maryland",15.0,32.4,4.5,59.9,30.88,21.5,27.4,55.4,44.6,0.3816,67.2,15.9,83.8,11.41666667,,
24033806708,"Census Tract 8067.08, Prince George's County, Maryland",13.2,30.1,53.6,5.9,15.26,5.2,7.0,43.9,56.1,0.4241,92.5,12.0,90.7,14.0,,
24033805907,"Census Tract 8059.07, Prince George's County, Maryland",14.7,47.1,2.9,48.2,14.03,17.1,26.6,50.5,49.5,0.3499,69.6,16.7,83.7,7.333333333,,
24033805602,"Census Tract 8056.02, Prince George's County, Maryland",15.4,5.4,1.2,92.0,37.66,20.0,56.1,64.6,35.4,0.3104,18.3,19.0,80.3,9.9999999985,,
24033807409,"Census Tract 8074.09, Prince George's County, Maryland",13.4,40.0,11.6,35.7,30.05,12.9,16.6,46.7,53.3,0.3579,78.6,11.5,89.4,12.166666665000001,,
24033803801,"Census Tract 8038.01, Prince George's County, Maryland",14.1,39.3,6.5,52.2,17.98,4.5,18.8,50.6,49.4,0.305,60.3,6.8,81.2,15.0,,
24033807000,"Census Tract 8070, Prince George's County, Maryland",15.6,24.5,42.2,8.7,23.99,34.6,12.0,48.2,51.8,0.619,89.8,29.1,75.1,15.0,,
24033807410,"Census Tract 8074.10, Prince George's County, Maryland",13.0,41.4,22.5,28.5,40.06,19.2,8.7,43.4,56.6,0.4167,90.0,26.2,68.0,10.833333334999999,,
24033806602,"Census Tract 8066.02, Prince George's County, Maryland",15.0,33.7,13.1,39.1,31.92,13.0,20.6,50.0,50.0,0.3919,54.2,11.8,79.2,12.33333333,,
24033805202,"Census Tract 8052.02, Prince George's County, Maryland",13.1,72.2,4.1,20.8,14.94,15.8,25.7,54.2,45.8,0.3811,80.3,11.7,91.0,14.16666667,,
24033805802,"Census Tract 8058.02, Prince George's County, Maryland",14.3,18.5,2.6,71.2,23.76,13.7,29.2,51.8,48.2,0.3636,52.7,12.4,88.6,12.16666667,,
24033807200,"Census Tract 8072, Prince George's County, Maryland",20.6,14.4,57.7,7.9,24.74,54.7,0.9,51.1,48.9,0.5521,93.0,13.9,82.0,15.083333335,,
24033807304,"Census Tract 8073.04, Prince George's County, Maryland",12.9,21.8,13.1,55.6,14.25,6.7,10.6,57.0,43.0,0.3483,72.3,3.0,93.0,11.5,,
