,NEG,NEU,POS,label,bikes
0,0.005855634808540344,0.9698291420936584,0.02431517094373703,NEU,might want to repost on rbikedc for a different side of opinions
1,0.0014242844190448523,0.09884301573038101,0.8997326493263245,POS,honestly the city as a whole has become very bike friendly theres many protected bike routes in all  quadrants for trails you have the mbt metropolitan branch trail art anacostia riverwalk trail cct capital crescent trail rcpt rock creek park trail co canal that all act as major paved arteries protected lanes you have th st sw th st swth st nw etc and then the mvt custis and wod in virginia many many more it isnt until you get way up into nw or across the anacostia that the bike infra drops off but even that is getting better year over yeardefinitely check out and follow rbikedc we regularly give route recommendations and trail conditions for utilitarian riders over there
2,0.0026198099367320538,0.8887689113616943,0.10861130803823471,NEU,if you work downtown theres a protected bike lane up th st until euclid st so neighborhoods like logan circle u st dupont east even columbia heights could work west end could work too since theres a protected eastwest route on l and m sts
3,0.0033205621875822544,0.9546648859977722,0.04201453551650047,NEU,heres a bike map from  heres a list of mapsresources from are you planning to bike to work for utility errands etc exercisemight help narrow it down
4,0.0022632330656051636,0.7152818441390991,0.2824549078941345,NEU,woodley park can hit rock creek park which is a protected bike lane or ride towards adams morgan in the bike lane on calvert st also there is a plan to put a protected bike lane on connecticut ave which goes through woodley park also woodley park is on the metro red line and it has a lot of nice rent controlled buildings
5,0.0011098426766693592,0.017406824976205826,0.9814833998680115,POS,dc as a whole is pretty bike friendly its the maryland drivers you need to keep an eye on noma has the mbt which is pretty great
6,0.003445145906880498,0.7268245816230774,0.26973024010658264,NEU,as a regular cyclist overall the city is fairly bikeable there arent many pure bike lanededicated neighborhoods per se youre more likely to find that in order to get from ab your route may be influenced by the presence of bike lanesthat being said living near the mbt in brookland has been very commutable columbia heights has a bike lane updown th there are a smattering downtownif you go to google maps you can turn on the bike lane view and really take a look at the options
7,0.0015558194136247039,0.11590887606143951,0.8825353384017944,POS,dupont  logan circle downtown all good areas
8,0.0034824872855097055,0.05206604674458504,0.9444515109062195,POS,capitol hill has some really nice bike lanes plus its just pretty cute while h street itself is terrible for bikes a block north or south have decent protected lanes plus its much less hilly than much of nw
9,0.001632161089219153,0.12419271469116211,0.8741751313209534,POS,live as close to the national mall rock creek park or the mbt as you canthese all have good connections to dedicated lanes and also within walking distance of metro and a grocery store
10,0.0023323623463511467,0.2070486843585968,0.7906189560890198,POS,i think it really depends what neighbourhood you end up working in or where you plan to be spending most time away from home in dc eg if youre commuting to capitol hill living close to the metropolitan branch trail is going to give you a far more pleasant cycling experience than living in nw dupontadmo etc if youre working in nw or bethesda or wherever thats going to be a different set of considerations ime the bike routes running northsouth are a lot better more protected less stop and start than the bike routes running eastwest
11,0.3298203945159912,0.6368551254272461,0.03332440182566643,NEU,i would recommend a neighborhood south of florida ave unless youve got an ebike or have shredded calves biking up the hills to get to columbia heights or petworth sucks sometimes
12,0.7337616086006165,0.2561627924442291,0.01007555890828371,NEG,lots of dc is super bikeable just know that bike theft is rampant so plan accordingly maybe get an absolute beater to start
13,0.002094726776704192,0.08108823746442795,0.9168170094490051,POS,ooh thanks for the suggestion
14,0.25786498188972473,0.6909322142601013,0.05120275169610977,NEU,honestly the city as a whole has become very bike friendlyby us standards there are still major gaps in the cycling network unfortunately
15,0.9684491753578186,0.028996901586651802,0.0025539372581988573,NEG,the murderous drivers somehow still manage to make it unfriendly
16,0.02127857133746147,0.9474520683288574,0.03126935660839081,NEU,fyi op th street has a very steep hill from w to euclidsteep enough that a lotta people bike downhill using bikeshare and take a bus back uphill
17,0.0022844267077744007,0.5188367366790771,0.4788788855075836,NEU,id like to use a bike as a major form of transportation for everything  going to work running errands general exercise meeting up with friends etc ill most likely be working remotely for the first few months of my job in dc so i wont need it for commuting initially but may eventually
18,0.7880149483680725,0.20686447620391846,0.005120556335896254,NEG,until that time conn ave is super dangerous avoid plus much uphill
19,0.027178484946489334,0.9224052429199219,0.0504162423312664,NEU,im assuming mbt  metropolitan branch trail i didnt realize this was a thing this will definitely factor into my neighborhood choice as i was initially mostly considering nw dc neighborhoods
20,0.038879960775375366,0.8630815148353577,0.09803849458694458,NEU,to be fair lot of dc has the mbt it officially goes up through brookland soon ft totten and will eventually link silver spring to union stationnomambtadjacent neighborhoods currently include noma eckington edgewood brookland and arguablysoon michigan park per google maps im not going to open up an argument about which of the aforementioned is actually a real neighborhoodanyway the mbt is quite nice for riding my pet peeve is that there are too many people on electric bikes that are both fast and careless however the doubleedged sword is that its also very popular with walkers and joggers they slow down the electric bikes but also the manual ones i dont find it much of a nuisance since people are pretty good about staying to the right but once in a while
21,0.19734516739845276,0.5769398212432861,0.22571495175361633,NEU,the mbt is amazing i find the th bike lane really unsafe as there are constantly drivers esp food delivery  taxis parked in it pulling in and out of it etc
22,0.8688665628433228,0.1279030591249466,0.0032303633634001017,NEG,the bike lanes on g and i streets are not protected its just paint on the ground
23,0.15564709901809692,0.8056347966194153,0.03871807083487511,NEU,th st at meridian hill is well protected but yeah you will be huffing and puffing trying to climb it on a regular bike
24,0.02111261896789074,0.7631317377090454,0.2157556712627411,NEU,yeah thats it
25,0.0010519688948988914,0.012456097640097141,0.9864919781684875,POS,i live in noma right next to the trail and its great for biking down to union station or up further north
26,0.0016227270243689418,0.049626950174570084,0.9487502574920654,POS,my favorite trail in the city quite flat minimal vehicle crossings great breweries and bars along it close to the red line in case weather changes or my plans do and i want to get home quickly
27,0.0034633157774806023,0.940955638885498,0.055581144988536835,NEU,join us in brookland
28,0.10621804744005203,0.8281289935112,0.06565304100513458,NEU,it is a good trail to get you from eckington yards edgewood brookland or even brentwood to downtown quickly  it has gotten more of the electric conveyances of late too many of the people who use those things on trails are even worse than spandex boys are on streetsi even will use it to go to nationals park although it stops near where the coal yards used to be near the new york ave subway stop  from there i simply go to first street which has bicycle lanes to the station  from the station there are several ways to get to the ball parkgenerally people do stay to the right regardless of what they are using  if you ding your bell they will give a little more to the right the navy yardballparksouthwest area is not bad for bicycles either  it is mostly flat or close to it  if you are coming down new jersey ave off capitol hillthough do make sure that you have good brakes as there is a steady stream of jaywalkeruhpedestrians that cross at the intersection with i st  sethe bicycle paths in rock creek park are pretty good  i wish that more people would use themwoodley park is pretty good  if you are trying to get to it from dupont though there is a really nasty hill on connecticut ave  if you ride a few blocks west from dupont to rock creek park the gradient on the cathedral avenue ramp is  milder but longerthe streets in both old and new downtown have bicycle lanes but do look out for trucks and the motorists who are making turns from the one way streets  the turn lane crosses the bicycle lane at one point and no one motorist or bicyclist seems to be looking for the other  trucks do like to park in those lanes   uberlyft drivers also are there waiting for the typical passenger who typically is not aware of his surroundings or just does not care thus takes his sweet time coming out of the addressdc do es make many accommodations for bicycle riders  it aint quite minneapolisst paul but it might get there one day
29,0.009897508658468723,0.9774837493896484,0.012618757784366608,NEU,is there any word on when it will be finished through fort totten
30,0.978609025478363,0.0184252317994833,0.0029656949918717146,NEG,worse thing on the mbt is the occasional vespa andor motorcycle i wish i was kidding
31,0.9602731466293335,0.03678334131836891,0.0029436033219099045,NEG,i get really annoyed with guys on a long fast ride who use the mbt for part of it who get annoyed at pedestrians get out of town if you want a long ride dont try to set a pr on a pedestrian artery
32,0.6461181640625,0.3460693657398224,0.007812492083758116,NEG,there are two awkward points for the mbt the first is at the dewdrop inn where it kinda ends for a bit until you get to monroe the second is the end of the mbt around the noma station is a little chaotic i thought they were going to build something to link it up better to union station
33,0.08429774641990662,0.9078333377838135,0.007868973538279533,NEU,if you believe the ddot march  i havent seen it so cant vouch for
34,0.9638353586196899,0.032640498131513596,0.003524112282320857,NEG,are you trying to trigger me if so well done kidding of course anything gaspowered on the mbt grinds my gears especially on days like today one of the first nice days of the year so everyone is out and about
35,0.08274228870868683,0.8963069915771484,0.020950645208358765,NEU,cops patrol on their big bikes theyre going like  mph and i assume its to deter other gas powered vehicles a bike might struggle to catch the  wheelers ive seen on there but theres not a ton of room for them same for dpr trucks and gators you see on there toothe main drag of the mbt is part of my running route so im on there  times a week ive seen the rare atv and dirt bike on there rare those rental mopeds though the slightly bigger ones are distressingly common they should be geoblocked there if possible
36,0.32472631335258484,0.6608250737190247,0.014448640868067741,NEU,couldnt you make the counterargument that there are even more sidewalks than bike lanes so pedestrians should stick to walking on the sidewalks its specifically for pedestrians and so not a pedestrian arteryim not advocating for mph pelotons to ride the mbt but i think youre being a little heavy handed
37,0.9613317847251892,0.03574809059500694,0.002920078579336405,NEG,there is a protected bike lane to union from noma fuckwads still find a way to block it though
38,0.013866179622709751,0.9674999713897705,0.018633902072906494,NEU,there are two supposed southern termini for the mbt  one is at the new york avenue subway where you have the switchback ramp  you can ride in one of the bicycle lanes to first st then south to the station  as the commenter remarks often there is a truck blocking it or an uberlyft driver awaiting a customer who is taking his sweet time emerging  you also will see the occasional fubar cheats or floor trash driver who blocks itthe other terminus is at l st  you ride past the switchback ramp through a gap in the fence that is paved and come to a stair  i have carried my bicycle up or down that stair more than once  mind you i am carrying a  reissue of a  schwinn heavyweight three speed not a carbonaluminum ultra lightweight mountain bicycleyou can do it but like you i do wish that there were a neater connexion to either first st or the stationif i recall correctly and now you are going to make me look the next time that i go by there there are sharrows on eighth st past the dewdrop inn then you get bicycle lanes on monroe st  there actually is supposed to be a path constructed that will take you up either puerto rico ave or mc cormack drive i forget which side of the tracks now  so far it has been only talktalk and vapourware  at some point it is supposed to go to silver spring and link with the capital crescent trail to create a bicycle beltway if you will  in reality the path of the latter is also a bit chaotic once you leave the point where the old georgetown branch switched off the metropolitan sub near forest glen station to head into silver spring
39,0.5098659992218018,0.4839361011981964,0.006197859067469835,NEG,watch them test the signals for another year and a half
40,0.08111882954835892,0.8602004647254944,0.058680783957242966,NEU,removed
41,0.005311619024723768,0.9612094163894653,0.03347896412014961,NEU,any news on where the new stations will be
42,0.24175383150577545,0.7360670566558838,0.022179121151566505,NEU, bikes for  million thats over  per bike
43,0.9619531035423279,0.03539681434631348,0.0026500625535845757,NEG,now if they could only do a better job of moving the bikes around there are hardly any bikes by my house in the morning and the rack is usually full when i get home i know that there are commuting directions and i am just not getting to them early enough but its frustrating  end rant 
44,0.3101358413696289,0.6435522437095642,0.04631201550364494,NEU,deleted
45,0.025068162009119987,0.9392173886299133,0.03571444749832153,NEU,i wish they would offer helmets with the bikes as well 
46,0.008952285163104534,0.16448979079723358,0.8265578746795654,POS,i got some of my best exercise in this winter  also it gives you a little lee way to get to work late nobody questions that person that road through the snow for showing up  minutes late
47,0.001855222973972559,0.10383597761392593,0.8943087458610535,POS,dear god please give ivy city a station  i dont live there but it would give me a reason to visit the new businesses cropping up there
48,0.008059647865593433,0.6842489838600159,0.3076913058757782,NEU,does that include the stations too maybe includes cost of rebalancing too  all i know is that somehow cabi is very affordable yr i think the tourists who pay day supplement the costs for the residents here 
49,0.6257696747779846,0.36814701557159424,0.006083383224904537,NEG,id like to think its a poorly worded sentence the district is buying most of the bicycles   bikes for  stations at a cost of  millionlooks like instead of for they should of used and 
50,0.6273040175437927,0.36696475744247437,0.00573115237057209,NEG,the government pays hundreds for hammers and such as well anything the government pays for is more than a private company would pay
51,0.06941474229097366,0.8726268410682678,0.05795840173959732,NEU,i wonder if one could somehow incentivize people to return to empty stations the velib system in paris gives people  minutes of bonus time for future trips above  minutes when you take it from a regular station to a  station a  station is usually at the top of a hill and tend to be emptier as the day goes on
52,0.020817721262574196,0.8103836178779602,0.16879867017269135,NEU,you might do well to figure out their rebalancing schedule they usually hit the ones by me around the same time on weekdays if delaying your commute by  minutes could get you a bike it might be worthwhile
53,0.0014220991870388389,0.04084302857518196,0.9577348232269287,POS,the rebalancing part is tough  this may be an obvious suggestion but the cabi app is really good in that it lets you see how many bikesdocks are available at all the stations near your location 
54,0.012013680301606655,0.6764279007911682,0.3115583658218384,NEU,yeah i think they adjusted their rebalancing strategy around the time they began operating the fulltime corrals completely full and empty docks have definitely been a more frequent occurrence the past few months  more so than previous summers theres a cool map someone put together using the api that graphs historical dock and bike availability check it out not ideal for mobile but theres already apps for that 
55,0.9287023544311523,0.0675654485821724,0.0037322640419006348,NEG,yeah who would have thought that pg county would ever wind up making shortsighted transportation planning decisions
56,0.22611188888549805,0.5354207754135132,0.23846730589866638,NEU,that is a shame that pgc is not part of cabi because the ride from college park to dc via the anacostia tributary trail system is actually really nice
57,0.017177952453494072,0.9407263398170471,0.042095642536878586,NEU,nyc may have been quicker to identify and adopt a different bike manufacturer i was there this past weekend and all of the newer bikes were a little different from the rest like those we have here if cabi go with the new manufacturer your seat height will be a little different and the gear shifter goes in the opposite direction 
58,0.8702518343925476,0.1260203868150711,0.003727741539478302,NEG,how would that work logistically  different head sizes different hygiene levels it seems like an enormous mess to even think about 
59,0.004784234333783388,0.9387359023094177,0.05647983029484749,NEU,when you sign up for a membership i think they offer you a helmet
60,0.08111882954835892,0.8602004647254944,0.058680783957242966,NEU,removed
61,0.0026738676242530346,0.9044379591941833,0.09288816154003143,NEU,the hechts warehouse where moms is among other things is slated for a station it is part of the commitment made as a condition of the development
62,0.004006377421319485,0.6912612915039062,0.3047323524951935,NEU,that reminds me of the rock climbing barcoffee house thing coming soon there so many businesses in one place
63,0.76334547996521,0.23033088445663452,0.006323629058897495,NEG,no idea i just thought it was crazy expensive not saying that capital bike share isnt affordable for the individual just think theyre possibly overpaying for bikes p 
64,0.8939946293830872,0.1002669557929039,0.005738368723541498,NEG,the tourist rate is crazy high in paris you pay about that much for a week rather than a day which is why ive never used it do many visitors to the city pony up the dough
65,0.0019894978031516075,0.034872155636548996,0.9631384015083313,POS,they raised it to  this year still not bad and pays for itself after a few months of regular usage
66,0.35970035195350647,0.6108676791191101,0.02943192422389984,NEU,thats interesting i would like to see how we could implement that here a study would need to be done to find out which station generally lack bikes compared to the demand maybe some way for people to notify that they arrived at a station wanting a bike but found it empty although i could see a button being totally exploited by idiots just pressing it a million times skewing the results 
67,0.002196445595473051,0.03339070454239845,0.9644128680229187,POS,oh thats a great idea i wouldnt mind taking a few block detour for the credit
68,0.0034971756394952536,0.669972836971283,0.3265298902988434,NEU,they do have this or at least they used to members who rode bikes from typically full stations to typically empty ones were rewarded although i think it was just a summer program they should bring it back and allow people to rack up free ride credit for rebalancing or something similar
69,0.7484731674194336,0.24744334816932678,0.004083505365997553,NEG,theres been times where theres no bikes within a halfmile radius of my apartment 
70,0.003155424492433667,0.20546671748161316,0.7913778424263,POS,for those unaware the commuter corrals mentioned are   i and   ny ave one is a couple blocks out of the way but when i do commute on cabi its well worth it to take the small diversion and know i can drop the bike right off
71,0.9583819508552551,0.039113689213991165,0.00250436132773757,NEG,i mean it would reduce head injuries and death ive had a concussion and its not fun itd be for the good of public health 
72,0.05057968944311142,0.9142508506774902,0.035169556736946106,NEU,yep i just signed up a month or so ago and i think the helmet offer was something like  for a helmet  i would have got one but my dome is so big that the one size fits all isnt quite big enough  
73,0.014179635792970657,0.5664621591567993,0.4193582236766815,NEU,good point i rode this winter without snow tires its doable but not recommended
74,0.0012534386478364468,0.02671344205737114,0.9720331430435181,POS,that sounds awesome do you have any links to news about it or anything
75,0.9741272330284119,0.02343047969043255,0.0024423489812761545,NEG,the annual paris pass is also only  but many of the bikes are in horrible condition
76,0.06651285290718079,0.871238648891449,0.06224856898188591,NEU,you could possibly look at the rate of how quickly stations fill or empty at different times of day a simple way might just be to reward people who park their bike somewhere with less than  bikes remaining crowdsourcing rebalancing 
77,0.11516671627759933,0.8721851706504822,0.01264815405011177,NEU, a study would need to be done to find out which station generally lack bikes compared to the demandi think cabi already has data on this just by the fact that they are doing the manual rebalancing 
78,0.06298316270112991,0.9137064218521118,0.02331048995256424,NEU,it doesnt have to be that complicated look at the speed at which bikes were being checked out up until the moment when there were zero bikes left then you can extrapolate the demand at least well enough for comparing to other stations
79,0.018817488104104996,0.9227296113967896,0.05845291167497635,NEU,i was at one of their open houses a number of months back when someone asked about this their response was that they found it mostly rewarded people who would have made that trip anyways but that they are continuing to look for new ways to deal with rebalancing issues
80,0.007272488437592983,0.18129542469978333,0.8114320635795593,POS,i would love if they could implement pickup corrals in different neighborhoods during week days the columbia heights bikes all run out by like am they cant guarantee unlimited bikes but a truck with a few dozen would really help meet demand 
81,0.00821247324347496,0.9165246486663818,0.07526291906833649,NEU,they do sell helmets and some local stores offer discounts with a key but i agree that they should probably do more to promote helmet wearing 
82,0.015519787557423115,0.4109176993370056,0.5735624432563782,POS,as a regular velib user i rarely have a problem finding a good bike once in a while theres only a rundown buttbuster but its rare
83,0.03846139833331108,0.7107502222061157,0.2507884204387665,NEU,i heard the former dc secretary of transportation that implemented cabi gabe klein say that in paris people rent the bikes and throw them into the river as a protest against the bourgeoisie not sure if thats true or relevant but i thought it was funny
84,0.9544439911842346,0.04295801743865013,0.002598046325147152,NEG,it definitely gets ridiculous when theres zero bikes within a halfmile or more of where youre starting 
85,0.033796411007642746,0.6199148893356323,0.3462885916233063,NEU,thanks
86,0.7138708233833313,0.27899616956710815,0.00713302893564105,NEG,depends on the part of the city  on the hills of the e  e its hard for me to find any bike at all
87,0.7005540132522583,0.29496192932128906,0.004484030418097973,NEG,at one point they were stolen quite often but i doubt it had anything to do with a protest
88,0.6318027973175049,0.3584105670452118,0.009786639362573624,NEG,yeah my commute by bike would be  minutes but in order to get a bike i need to leave over an hour before work begins not super sensical  
89,0.0034332009963691235,0.21936772763729095,0.7771990895271301,POS,its true in hilly areas fortunately where i stay its quite flat so people are happy to ride in both directions
90,0.06872604042291641,0.6477128267288208,0.28356117010116577,NEU,yeah for me in the morning i liked cruising half a mile on one to the metro when thered be a bike available i usually go in around  am so its worth it since it can mean the difference between just catching one train or just missing it and waiting  minutes for the next one but no way is it worth it if id first have to walk nearly half a mile in the wrong direction to get a bike 
91,0.0021415473893284798,0.10429180413484573,0.8935666680335999,POS,done thanks for posting
92,0.007628862280398607,0.8713099360466003,0.12106107920408249,NEU,why yes i do live in checks options somerset
93,0.9537468552589417,0.043696723878383636,0.0025564159732311964,NEG,oh so only one person died i would say that six or seven more people should be sacrificed before i consider being inconvenienced by a few minutes lets get those lanes back people  average wealthy motorist
94,0.808765172958374,0.1869928538799286,0.0042419140227139,NEG, do you think its fair that montgomery county took away a car lane to build a parkwho wrote this a  yr old child if fairness was really the concern i think we need to start redistributing expensive chevy chase homes to those less fortunate
95,0.04439925774931908,0.8362435102462769,0.11935724318027496,NEU,done
96,0.011736287735402584,0.8788251280784607,0.10943859070539474,NEU,done x
97,0.0037877350114285946,0.7247046232223511,0.2715076208114624,NEU,anywhere within a couple miles of core downtown noma navy yard gtown capitol hill adams morgan the wharf sw waterfront chinatown dupont circle i could go on but you could honestly name same near every neighborhood in dc outside of far nw and east of the anacostia river but even those two are getting better year over yearthe citys bike infra is built out to the point now that theres not very many places you cant get to by bike path if you dont want to a lot of those being dedicated trails or protected bike lanes and the city also just recently committed to adding a minimum of  miles of protected bike infra per year to add to their risk adverse rider bike network
98,0.003313430119305849,0.23066531121730804,0.766021192073822,POS,capitol hill seems to have the least amount of car traffic and most bike lanes agree that is hard to go wrong as long as youre near a metro station somewhere in dcalso if you are planning on using capital bike share which is a pretty good deal you should be aware that bikedock availability is dicey in many nw dc areas dc gets very hilly in nw so it seems to me that many will bike downhill but dont make the return trip navy yard capitol hill and sw dc seem to always have pretty good availability for bikeshare id guess its because they are relatively flatter so people bike pretty evenly in the area
99,0.00229279394261539,0.5489183068275452,0.4487888813018799,NEU,if you are biking for exercise or leisure you may want to live near some of the off street trails like the metropolitan branch trail mbt which stretches from union station to fort totten or the anacostia river trail art which has good connections near navy yard like others have said the bike infrastructure is decent throughout most parts of the city if you were commuting there are definitely better routes to take over others so that would be specific on where you are working check out google maps with biking selected to see the network it is generally pretty accurate
100,0.0021674814634025097,0.12397328019142151,0.8738592267036438,POS,hey theres a lot of good advice here one thing id recommend is looking up bike maps like this one which i saved on my phone as a reference whenever i bike someplace newer what others have said the city core sw waterfront and east of the capitol from florida ave on south tend to be pretty bikeable and those latter areas i mentioned are low on commuter car traffic usually up north things get sparser but there are bike corridors along th st you can take safely all the way to takoma metro and of course the mbtareas to avoid or be cautious about when it comes to bikeability southeast is really lacking compared to west of the anacostia northwest west of rock creek park is hilly the big avenues connecticut mass wisc id plan on not biking unless its downhill but ive done all those during weekend levels of trafficthe capital crescent trail once you get on it in georgetown doesnt connect to anything else until youre well into md so dont plan on that as a bikeable shortcutalso to be wary crossing new york ave once east of florida ave technically you can at the circle with wv ave but its a mess of traffic and so many cyclists have been struck there sd ave ri ave and bladenburg rd are not bikeable so you have to rely on side streets and it can be really hilly
101,0.0018883930752053857,0.37025970220565796,0.6278519630432129,POS,i know some others have pointed to the current bike maps but ill also point you to the ddot map for currentupcoming pbl builds through this will give you an idea of which neighborhoods will also see the biggest expansion of pbls over the next couple of years my understanding is all of the lanes on this map have dedicated funding sources so they will happencurrently live in noma and the northern connection via mbt is great and will fully connect to silver spring and the northern trails in the next couple of years as well as protected connections down to the mall and many other trails around the district
102,0.00868147611618042,0.9640369415283203,0.027281628921628,NEU,hijacking this thread because im moving to arlington in the summer and have a similar question how is the bike infrastructure across the river does anyone know which arlington neighborhoods would be the most bike friendly
103,0.003618616610765457,0.1739237904548645,0.8224576115608215,POS,depends on what kind of housing youre looking for apts than nomaunion market districtnavy yard if row houseenglish basement than capitol hill ive lived in nese for over a decade and bike everywhere much safer than in nw bc more car traffic and generally more relaxed vibe
104,0.5956252813339233,0.3919599950313568,0.012414701282978058,NEG,keep putting in complaints on the bikeshare app when you encounter empty stations in nw they need enough complaints that they cant ignore it and start redistributing bikes up the hill
105,0.023702314123511314,0.96299809217453,0.013299603946506977,NEU,but in caphill are they protected bike lanes 
106,0.0020405063405632973,0.00522200483828783,0.9927374720573425,POS,arlington is actually an amazing city for biking
107,0.00169297493994236,0.006445159669965506,0.9918618202209473,POS,the arlington loop is fantastic
108,0.0010552946478128433,0.04444769397377968,0.9544969797134399,POS,thats good to hear are there good paved bike trailslanes in ballston or calrendon
109,0.0014389787102118134,0.12326565384864807,0.8752954006195068,POS,the custis trail will take you to the wod and that will take you many more places
110,0.0018059858120977879,0.005441458895802498,0.9927525520324707,POS,just looked it up and it seems pretty awesome excited to try it out this summer
111,0.004941405728459358,0.8580135703086853,0.13704505562782288,NEU,just get ready for those hills on the custis
112,0.9801219701766968,0.017208680510520935,0.0026692866813391447,NEG,nick is a well known nut job frequently harasses bikers in the street been banned from nextdoor multiple times etc
113,0.0019344169413670897,0.01276069413870573,0.9853048920631409,POS,haha i love this you know us cyclists love cole slaw so we have been driving up the cost at any store near us
114,0.22782525420188904,0.7497636079788208,0.022411081939935684,NEU,pro tip dont try to make sense of this there is noneedit this is this guy if so now this makes sense
115,0.9747997522354126,0.02212301641702652,0.003077229019254446,NEG,what a lunaticeveryone knows higher prices are caused by manbearpig
116,0.09569086879491806,0.7030956149101257,0.2012135088443756,NEU,hearusnow is nicks personal neighborhood megaphone its basically an echo chamber he was once anc in b and along with his friend and former fellow commish ed hanlon have been fighting the th street thing for years the above screen cap is comedy gold
117,0.7823266386985779,0.1649528443813324,0.05272047594189644,NEG,this is simultaneously the funniest and stupidest thing ive read today
118,0.013480937108397484,0.9706858396530151,0.01583320088684559,NEU,that coleslaw used to be  in let me guess ward 
119,0.961074948310852,0.03638128936290741,0.0025437865406274796,NEG,its a bad sign that i saw  nick and immediately knew who this was
120,0.6451266407966614,0.34898918867111206,0.005884210113435984,NEG,i mean if the stores customers primarily drove cars to the store and if the protected bike lane removed parking availability and if it was easy for driving customers to switch to an alternative store so revenue for the affected store dropped and if the store sold inelastic goods and if the store was locally owned and had control of pricing thenthere would be a mechanism for the bike lane to cause higher prices highly implausible and this guy seems a little out there but i wouldnt dismiss the guy as stupid id just ask for proof of all the conditionals abovepls dont downvote me to hell
121,0.004004582297056913,0.30942502617836,0.686570405960083,POS,just make the coleslaw yourself it will be so much cheaper
122,0.9634302258491516,0.032910287380218506,0.0036594129633158445,NEG,oh wow i thought this was a joke email not some real life nut job asking real questions
123,0.8688486814498901,0.12359662353992462,0.0075546433217823505,NEG,wait is this delledonne good god the man needs to get a hobby
124,0.01982475444674492,0.9023283123970032,0.0778469368815422,NEU,oh do we think this is the nick i didnt notice the name in the signature lol
125,0.034839168190956116,0.2700389325618744,0.6951218247413635,POS,thought this was that nick unsurprised the video of him yelling in front of pre schoolers is a real gem
126,0.00477674650028348,0.8915452361106873,0.10367795825004578,NEU,yeah thats the safeway on th
127,0.001948404940776527,0.01254221610724926,0.98550945520401,POS,haha thanks for posting i have this clip saved and go to it everytime i need a laugh  
128,0.2374613881111145,0.7444013953208923,0.0181372482329607,NEU, man  bear  pig
129,0.9715384840965271,0.026290373876690865,0.002171240048483014,NEG,ed hanlon also sues his neighbors for petty stuff oh and dont forget bike lanes are worse than the  riots
130,0.009304617531597614,0.9746493101119995,0.016046088188886642,NEU,no its the one in dupont th nw ward 
131,0.8210830092430115,0.17367592453956604,0.005241029895842075,NEG,hyper local inflation caused by a bike lane visible on precisely one consumer goods price but no others its more likely than you think
132,0.9499385356903076,0.04786919802427292,0.0021922793239355087,NEG,nope  this guy is on record as saying connecticut avenue was destroyed by bike lanes and all the businesses closed and has his own civic association that yells at anc commissioners about the pbl on th
133,0.010427768342196941,0.9019035696983337,0.08766859769821167,NEU,this is his hobby
134,0.005732828751206398,0.951470136642456,0.04279705882072449,NEU,i was wondering if this was him when i say saw this on ig
135,0.9727454781532288,0.024609120562672615,0.0026453675236552954,NEG,yup theres where i shop too i was wondering why cheese prices went up  all you cyclists can go to hell
136,0.5773100852966309,0.41422417759895325,0.008465676568448544,NEG,no one was talking to you uvisionzero
137,0.0150695675984025,0.951260507106781,0.03366987779736519,NEU,its an albany expression
138,0.5211032629013062,0.46344536542892456,0.015451389364898205,NEG,heres to praying nick gets the help he needs or a kick in the ass
139,0.0013781231828033924,0.012171966023743153,0.9864498972892761,POS,they have a surprisingly nice cheese selection
140,0.7457635998725891,0.24909444153308868,0.005141939967870712,NEG,your coleslaw is not the topic of conversation here
141,0.42827847599983215,0.5577200651168823,0.01400146447122097,NEU,you wouldnt say it in utica
142,0.228017657995224,0.6923207640647888,0.079661525785923,NEU,as long as theyre not cheese wheels those remind me too much of protected bike lanes i faint in the aisle
143,0.23527616262435913,0.7554365396499634,0.009287243708968163,NEU,the chinaman is not the issue here dude
144,0.6192500591278076,0.37470752000808716,0.006042317021638155,NEG,i would not pick a neighborhood based on this since almost any bike ride of meaningful distance involves leaving the neighborhood
145,0.001846581813879311,0.12009003758430481,0.8780633211135864,POS,capitol hill fairly close to the city center and good bike lanes and easy access to the anacostia trail network
146,0.0011870258022099733,0.009425267577171326,0.9893877506256104,POS,mt pleasant hands down great access to downtown cross town and georgetown via bike lanes also next to rock creek the starting point for most good road rides in the city
147,0.3101358413696289,0.6435522437095642,0.04631201550364494,NEU,deleted
148,0.009641749784350395,0.9579334855079651,0.03242477774620056,NEU,mount pleasant or eckington or admo
149,0.0062961094081401825,0.14347566664218903,0.8502281904220581,POS,im aware of all the hills and lack of bike lanes on connecticut ave but im going with woodley parkcleveland park tried my best to stay in the area and ive had luck connecticut ave can be chaotic especially near the zoo but having klingle trail less than half a mile away is super nice
150,0.001178642502054572,0.036051660776138306,0.9627697467803955,POS,depends on where you need to get to i like capitol hill up to brookland myselfie the east side of town because it feels less crowded with cars and there are a lot of bike lanes but i also work on this side of town and am happy to hang here biking to nw has gotten better since they added a protected east  west lane by cu
151,0.0035095016937702894,0.3351775109767914,0.6613130569458008,POS,most of the city is ok for biking but bike lanes are popping up all the time in the city i would think any walkable neighborhood would also end up being good for biking if you have an ebike you dont have to worry about the hills please join rbikedc for input on where to live and where is good for cycling in the area we have lots of offroad biking trails that will actually get you to different neighborhoods and destinations
152,0.0018906797049567103,0.5009680986404419,0.4971412420272827,NEU,silver spring i started on my bike late morning meandered thru rock creek park trails and am now on co towpath ill take metro back home my two nonnegotiables when i was moving this spring were  balcony and  near bike trails downtown silver spring ticked both boxes
153,0.003304277779534459,0.7677626013755798,0.22893314063549042,NEU,what do you mean by how good biking is in that neighborhood most bike rides would extend well beyond a single neighborhood so we need to know more about what kind of biking you want to doare you looking to toodle around the neighborhood with your toddler on their balance bike are you looking to be close to the pathtrail network do you want to be close to designated mountain biking trails are you looking for a safe commute to a specific office site do you want to be within walking distance of multiple bike shops
154,0.0012534338748082519,0.0372263602912426,0.9615201950073242,POS,it does not get much better than arlandria on the arlingtonalexandria line  where the birchmere is if youre familiar with that venue right off the four mile run and mt vernon trails easy access through four mile run park or the potomac yard trail additionally even the busy streets in the area are bikefriendly and youre right across the th st bridge or roosevelt from the district
155,0.25002655386924744,0.7417114973068237,0.00826195441186428,NEU,solely based on biking trails and nothing else arlington  but taking into account any other considerations id pick my current neighborhood in dc arlington would be bottom of the list
156,0.017935218289494514,0.9168549180030823,0.06520996242761612,NEU,rosslyn
157,0.010890226811170578,0.969164252281189,0.019945578649640083,NEU,potomac yard alexandria va dupont area dc
158,0.0010615723440423608,0.03701239451766014,0.9619260430335999,POS,i chose to live in mt pleasant bc i find it charming and bc if the access to rcp which is my favorite area to ride
159,0.8811585903167725,0.11107813566923141,0.007763207890093327,NEG,any other cities that arent sfseattlenyc that are built like ours to be somewhat bikefriendly yes i know bike lane opponents here suck ha
160,0.06421196460723877,0.8639817833900452,0.0718061700463295,NEU,i moved to southwest so that i could live directly on the anacostia river trail i need to cross something like two roads to get to georgetown or rosslyn  points beyond one for alexandria and one to get up to the east side of the anacostia the mall is walking distance and the mbt is just on the other side i rarely do hains loops but if i did its a stones throw awaythe one downside is having to deal with downtown traffic to get across town to stuff in nw but tbh the green line tunnel is an adequate bypass until that marvelous day when the eastern downtown cycletrack happensi wouldnt be as happy if i had to rely on rock creek loud crowded bumpy blind intersections or mbt hot incomplete abrupt end in noma or the street grid every time i left the house
161,0.0010911899153143167,0.023486407473683357,0.9754223823547363,POS,its not dc but the absolute best place to live i found for biking was near old town alexandria easy access to mt vernon trail going either way four mile run gravelly point biking to arlington cemetery or into dc to see the monuments and lots of food options to bike to
162,0.6082168221473694,0.38185179233551025,0.009931361302733421,NEG,i disagree strongly i would pick a fairly flat neighborhood probably not at higher elevation surrounded by good bike infrastructure to accomplish exactly what you state leaving the neighborhood
163,0.03288334980607033,0.9547001123428345,0.01241653598845005,NEU, cross town and georgetown via bike lanessincere question which lanes are you talking about crosstown i would have guessed would be irving to the big new protected lanes then mbt but thats not all lanes east of warderish on irving and to georgetown i just dont know columbia to 
164,0.003046420868486166,0.6431268453598022,0.3538267910480499,NEU,i second west end also easy access to co canal capital crescent and mt vernon
165,0.23693327605724335,0.7535868287086487,0.009479972533881664,NEU,tell me more because i was genuinely thinking not eckington or adams morgan  what am i missing
166,0.0010824138298630714,0.016849752515554428,0.9820677638053894,POS,same im right by the zoo and can either take klingle or porter st for easy access to rock creek its great
167,0.002556500257924199,0.6852369904518127,0.31220656633377075,NEU, please join rbikedc youre here now lol
168,0.08225005865097046,0.9032719731330872,0.014477960765361786,NEU,it was really just a hypothetical not personally tailored for me just what you thought
169,0.0009937217691913247,0.02106042206287384,0.9779458045959473,POS,im in roslyn and really like being close to georgetown
170,0.5891364216804504,0.39338889718055725,0.017474714666604996,NEG,funny two out of the three times ive been hit by a car in the bike lane were in rosslyn and im a resident of dc
171,0.5706518888473511,0.4157771170139313,0.013570970855653286,NEG,there is no neighborhood in this city that is not reasonably accessible by bike infrastructure and if youre so averse to hills that youd pick a neighborhood to avoid them especially in a city where even the steepest hills are pretty mild you probably dont belong on a bike
172,0.044710785150527954,0.9260748028755188,0.02921438403427601,NEU,so eckington is really envious trail access and near location to multiple areas  want to ride the art or other east side trails  hop down to the mbt and up to brookland and out michigan ave to pick up the be branch trailwant to get to silver spring hop on mbt and head north welcome to silgo creekwant to get to the national mall  quick hop down mbt dumps you at the capitol buildingconnect to co  ride through the mall want to get to rock creek  mbt up to park and cut across to the rock creek entrance on tildenheaded to work downtown  r st bike lane to th and donemost of these routes are downhills or flat leaving eckington  the mbt is a clutch connector trailfor admo its tony nw but right before the big elevation gain to the cleveland park or van ness or more northern areas  you cross the bridge to hit the west side trails of rock creek  or you ride a couple blocks over to get to th  as long as you work downtown that is all straight down hill on way thereboth of those allow you to bike commute at a leisure pace even in the summer earlier in the day around  and not have to shower at work eckington way more affordable and quiet than admo  but if you want all the restaurants and nightlife cant go wrong with admomount pleasant is a good mix but less affordable these days
173,0.10576489567756653,0.788505494594574,0.1057296022772789,NEU,omg sorry i thought that i was in the regular dc subreddit lol
174,0.42829298973083496,0.5374982953071594,0.034208692610263824,NEU,i was disoriented for a minute
175,0.01402641087770462,0.953306257724762,0.032667387276887894,NEU,i just meant for trail access
176,0.8389244079589844,0.15382352471351624,0.007252043578773737,NEG,most of upper nw within  blocks of md line and much of eotr lacks cycling infrastructurealso gatekeeping much not everyone interested in cycling is in great shape
177,0.001181332510896027,0.011353171430528164,0.9874654412269592,POS,its all good thanks for spreading the word  op made their original post here and crossposted it to rwashingtondc  which is another great way to help people find our sub 
178,0.0018801810219883919,0.06891604512929916,0.9292037487030029,POS,then i definitely agree with you
179,0.001371135120280087,0.008362909778952599,0.9902659058570862,POS,i have a tern hsd i love it and i have velosurancei wouldnt buy one unless i had a way to store it inside at home and work i will ulock and chain when doing groceries or riding to my kayak launchif you do go this route definitely suggest abus keyed alike locks it makes such a difference only needing one key
180,0.003435252932831645,0.5046697854995728,0.4918949604034424,NEU,i would get an ebike if you can secure it at both ends of your commute take the lane when cycling
181,0.29165416955947876,0.6992955803871155,0.00905025564134121,NEU,check with your homeowners or renters insurance it may cover a bike against theft even if the bike is stolen while out and about most ebikes are probably going to exceed the value that will be covered without a specific policy though so i would definitely look into a separate policy because the likelihood of theft if you dont have a secure place to store it at home and work is pretty highas for crashes well you can do your best to be safe but you cant  eliminate risk especially when drivers are definitely not doing their best if youre not comfortable riding in the city or even if you just think you could stand to learn more waba runs a city cycling class in the spring and fall i havent taken it but have heard good things the fall sessions dont seem to be listed yet but should be any day now at 
182,0.012591271661221981,0.8961699604988098,0.09123872965574265,NEU,as long as you have a secure place to store it overnight you should be fine imo this means a garage backyard shed or physically in your house  locking it to a pole outside your house would likely end up stolen i park mine in my buildings garagefor trips out into the city you should be fine with a good chain and u lock the longer youre going to be away from it the more protection you want thoughfor instance if im going to columbia heights or chinatown for a long time i lock up with my main beefy chain lock through the rear wheel and frame u lock through the center frame cable lock through front tire secured to u lock frame lockcafe lock immobilizes rear wheel chain attached to framecafe locki also have an alarm that goes off is someone tries to move the bikeusually though if im just shopping for a short amount of time or am nearby i just lock up with my chain lock the lock i use is this which is what the lockpickinglawyer uses on his personal bikekryptonite evolution mini integrated mm chain bicycle lock also have velosurance which adds a lot of peace of mind for me ive had my bike for about a year now and have had no theft attemptswhen it comes to commuting in the city especially the lenfant city an ebike is great most roads are  mph which is how fast an ebike can go so you can safely take the lane some drivers will still get angry but you need to do what is safest for you avoid major high speed arterials and get if the sidewalk if you cant avoid themon google maps there is an overlay that shows bike lanes in dc its not perfect but it helps a lot i would definitely recommend taking a more circuitous route that has good bike lanes over a shorter one with bad lanes over time you will memorize which streets you feel best oni think thats all the advice i have welcome to the party
183,0.051151324063539505,0.9200113415718079,0.02883733995258808,NEU,i wouldnt leave it outside overnight regardless of the lock you use  i wont even leave my dollar bike out all night because angle grinders during the day if you lock it to a bike rack or traffic sign like a no parking sign i wouldnt worry about it just my 
184,0.04944485053420067,0.9360492825508118,0.014505849219858646,NEU,i dont own one but i have seen people hide airtags inside them in case they get stolen then report them to police for recovery
185,0.1802443563938141,0.7881723046302795,0.03158330172300339,NEU,always take the lane plus most dc neighborhood streets are  mph now  youll be at the speed limit
186,0.2307347059249878,0.7407610416412354,0.028504174202680588,NEU,thanks for the responseso when you say likelihood of theft if you dont have a secure place is pretty high is that even with a rigid u locki have a secure place at both home and work but i am still concerned that there will definitely be times where i would have to secure it to a busy public bike rack with a rigid u lock i dont want to severely limit my usage when its my primary mode of transport in the city
187,0.0017382657388225198,0.010230970568954945,0.988030731678009,POS,thanks so much for the detailed responsethis is all very helpful
188,0.01896248385310173,0.6208416819572449,0.3601958453655243,NEU,best thing to do is a u lock and a cable or chain lock  having both makes it a higher effort theft target as many thieves only carry one type of cutter and are opportunisticbut i recommend getting a capital bikeshare subscription less than  bucks a year and using that for shorter trips when you are doing things like dinner or movie or whatever  use the ebike when you can lock it up well andof for short times only
189,0.010502146556973457,0.9494652152061462,0.04003266245126724,NEU,you can lock it up for brief periods i do it all the time i would just choose your racks well
190,0.36712148785591125,0.6218736171722412,0.01100494246929884,NEU,yeah lock it up with a good ulock and carry the battery with you if it is easily removed but if you leave it locked up in a public place for long enough its a lot higher risk basically live your life take appropriate precautions and be prepared for anything you lock up to get stolen because all locks are just temporary deterrents against a determined bike thiefedit and definitely make sure youre locking it properly i recently saw a bike courier lock his bike to a sturdy looking rack by putting his ulock around the fork below the head tube that would take literally seconds for any halfway competent thief to steal
191,0.005874086637049913,0.021688353270292282,0.9724375605583191,POS,awesome thanks
192,0.010170151479542255,0.6905971765518188,0.2992326021194458,NEU,thanks understoodi wont use the head or seat tubes but both the top and down tubes are okay to use for locking though rightand yeah if im headed somewhere for a long duration i would just use the metro
193,0.002236392814666033,0.08646708726882935,0.9112964868545532,POS,its pretty nice actually most of the northsouth car traffic is on west patrick henry and washington now that they pedestrianized that stretch of king st union st is way more relaxed a bunch of the intersections are fourway stops too so cars rarely go fast off the main throughways
194,0.012147624045610428,0.19210287928581238,0.7957494854927063,POS,yeah royal st is a defacto northsouth bike boulevard  the west end is abysmal for biking but old town rides better than it looks
195,0.19230501353740692,0.7902158498764038,0.017479224130511284,NEU,considering the amount of side and neighborhood streets in old town there is never a need to ride on the main roads such as rt
196,0.10951170325279236,0.7964028120040894,0.0940854474902153,NEU,there are so many intersections that cars never really get a chance to go fast but neither will you youll be fine
197,0.0011909253662452102,0.02864835225045681,0.970160722732544,POS,i ride in old town a lot its a good place to live as a cyclist a lot of stopstart on the main roads even if you do an idaho stop but i take royal union and prince frequently i feel pretty safe there taking basic precautionsbeing aware of surroundings
198,0.21186871826648712,0.7399625182151794,0.04816879704594612,NEU,its easy  not particularly fast and one must have basic urban cycling skills  lights and visible clothing highly recommended  i find the mt vernon trail ns of alexandria much more dangerous  more road room in old town
199,0.9463815689086914,0.05076747387647629,0.0028509129770100117,NEG,i moved here and get around a lot by bike we have had a rough time of it with antibike people google seminary rd in alexandria and it burned our best staff plus chronic underfunding if you move here and want to help change that look us up
200,0.0035094262566417456,0.14165402948856354,0.8548365235328674,POS,thank you
201,0.012232576496899128,0.9670717716217041,0.02069566398859024,NEU,unless your destination is on a main road
202,0.03710562735795975,0.48401230573654175,0.4788820743560791,NEU,i am all for a bike lane on mi love the water street bike lane but its pretty out of the way for many of my destinations
203,0.0052462853491306305,0.9722943902015686,0.0224593598395586,NEU,the bike route through georgetown is one block up on n street
204,0.0026112589985132217,0.21705088019371033,0.7803378105163574,POS,i commute to georgetown on m every day and i almost always turn left at th and take the bike lane on water street its out of the way and only a few blocks long but to me feels safer than the alternative
205,0.08238494396209717,0.8588161468505859,0.05879879742860794,NEU,if im going to va id much rather take the roosevelt bridge and risk falling into the water than go through m st though sometimes i also dont mind going through the georgetown waterfront then taking the stairs right by key bridge  they have little ramps for your bikes
206,0.9692227244377136,0.028594784438610077,0.0021825518924742937,NEG,m is bad but for my money canal between m and macarthur  foxhall is much worse neither the road nor the sidewalk is safe the annoying thing about it is that ddot were planning to rehab the trolley trestle and build a new bridge across the front of gu to connect to prospect st but the gu admin shut it down behind the scenes simply because they didnt like the look of the bridge it should be a major scandal but it wont until some pedestrian or cyclist has to die because the gu administration didnt like the look of a bridge
207,0.00459354929625988,0.9476845264434814,0.047721877694129944,NEU,there is a bike route along the canal
208,0.0017996616661548615,0.011818177066743374,0.9863821268081665,POS,would be amazing if they could do that
209,0.04858481511473656,0.927058756351471,0.02435644529759884,NEU,its always been a death trap and not designed for cyclists  i would say its where many riders have earned their stripes of learning what to watch for around drivers one of the safest ways on that street toward key bride is to not ride the curbparked lane but the right side of the passing lane traffic tends to be slow on m if that is too intense n street is a good alternative and that is the street that should get the bike lane designation l similar to how ddot set up g and i street to bracket h
210,0.014874359592795372,0.9675151705741882,0.017610477283596992,NEU,it is on the map for eventually buildout but that may be decades and decades away also reservoir and macarthur have planned bikewayslink
211,0.866556704044342,0.1295469105243683,0.0038963675033301115,NEG,is the water street bike lane under the bridge if so its such a headache transferring from m to there on my way home
212,0.07065979391336441,0.7153117656707764,0.21402840316295624,NEU,thats a good route to get by some parts of m street but it dead ends before gu and you need to get down on m to get anywhere westsouth some of the hills down there are dangerously steep to descend into traffic haha
213,0.006216761190444231,0.3431604206562042,0.6506228446960449,POS,agreed that that bike lane is a much safer option especially for going to the cct but with the hill and one ways roads it can be tough to get back up to m
214,0.028237851336598396,0.9538124799728394,0.017949704080820084,NEU,how do you get back up the hill
215,0.0413287915289402,0.8385580778121948,0.12011310458183289,NEU,yup
216,0.5545617341995239,0.4331001341342926,0.012338168919086456,NEG,its safer but that bike lane is still hell on the weekends with the cars pedestrians and the ice cream trucks i went out on the wod trail last weekend via key bridge and saw they are looking to construct some sort of path up to m soon
217,0.0032338732853531837,0.7249953746795654,0.27177074551582336,NEU,me i have an ebike
218,0.0023853937163949013,0.06371428817510605,0.9339002966880798,POS,youre definitely not wrong it feels like a game of paperboy most of the time im looking forward to seeing what kind of connection they are working on
219,0.0064634173177182674,0.47241461277008057,0.5211219191551208,POS, a collection of sensible ways to get aroundso probably not what youre looking for then but ive been trying to keep openstreetmaporg uptodate when new bikelanes are addedthe nice thing about openstreetmap is anybody can use the data you put there  if you make an improvement literally thousands of websites will pull that improvement in and millions of users will indirectly get your new data  for instance ive been putting that data over here on my website  my color choices there are  green  paved brown  unpavedif you want sensible ways to get around openstreetmap has another concept called a local cycle which is more than just a place you can ride but a networked link of places you can ride decided by whoever puts up the literal biking signs on our streets  less formally let you mark a bunch of things together as a cycling route but still require the routes to be real and verifiable as defined by a publisher
220,0.0025431206449866295,0.6449248194694519,0.3525320291519165,NEU,nice start your map skews heavily to the nw in current detail i bike most of my time in ne and the anacostia tributary trail system through prince georges and could help here here are some things that jumped out at me from my experience   all of the anacostia trail routes should be on the map in the same manner as the capital crescent trail   the trolley trail between hyattsville and college park is a crucial utilitarian trail connection along route  that needs to be here in the same manner as the capital crescent trail   for nontrail routes i think you also need a good flat route over the brookland bump between the mbt and mount rainierroute  corridor heres the admittedly complicated route i use heading northbound starting at th and monroe ne turn left on th street ne turn right on randolph street ne turn left on th street ne turn right on ritchie place ne turn left on th street ne turn right on taylor street ne turn left on th street ne then turn right on varnum street ne it is zigzaggy but those turns flatten the brookland hills considerably conceptually it just sticks to the streetgrid on the southeastern side of michigan avenue    alternatives to benning road ne are crucial for lowstress rides to the anacostia trails and kingman park headed eastbound is easier  i follow gales street ne to st street ne to e street ne to oklahoma avenue westbound is more complicated due to oneway streets and irregular street grid i string together a stillshifting mix of alleys and streets to head westbound while avoiding benning    despite the incline martin luther king jr avenue se and its bus lanes are probably the best way to bike into st elizabeths and the more southern parts of southeast
221,0.0010727677727118134,0.02909555472433567,0.9698317050933838,POS,nice ideai moved here from chicago and your map reminded me of the mellow chicago bike map hard to define what constitutes a street people feel comfortable riding on its very contextdependent and itll vary a lot by the individual but its always great to see people putting in the work to map out their own preferred routes to help share the local knowledge with others
222,0.006015099585056305,0.9730091691017151,0.020975766703486443,NEU,g st ne has an eastbound bike lane from nd st ne to maryland ne
223,0.007534774951636791,0.4045729637145996,0.5878922343254089,POS,the strava heat map is also a great place to get info about how often a route is cycled though that heavily favors roadies it also might be paywalled now 
224,0.008389986120164394,0.4967225193977356,0.4948875606060028,NEU,east capitol st has bike lanes in both directions from the capitol to lincoln park and unofficially everyone rides through the capitol grounds to reach pennsylvania ave from east capitol its much safer than constitution or independence
225,0.14006780087947845,0.8454787135124207,0.014453568495810032,NEU,just noticed that you have u street marked as a westbound route from vermont to florida im betting you meant to mark v street instead
226,0.002250036923214793,0.11027629673480988,0.8874737024307251,POS,unpopular opinion but i find google maps bicycle lanes pretty up to date and accurate  of the streets i ride on are marked on google maps
227,0.963902473449707,0.033588193356990814,0.0025092721916735172,NEG,the city really needs to fix this commuting dead zone theres no good options once you run out of bike lanes around mt vernon square
228,0.015357951633632183,0.09068276733160019,0.8939592838287354,POS,thanks for making this you saved me from a dangerous spot ive been commuting through for the past year cant wait to try the new route tomorrow morn
229,0.001960652880370617,0.10558401793241501,0.8924553394317627,POS,thanks uarichnad this will certainly help in my endeavor  i certainly want to have all the bike lanes on there in addition to other sensible routes  is this map embeddable on any of the map apps  i have bikemap which uses opencyclemap but i dont see how i could upload your edits to see when riding  also i really wish these and the official dc maps marked single direction routes in some way that is discernable at a glancethats really why im mapping it all out  plus its a pretty zen activity
230,0.0011109377956017852,0.036340903490781784,0.9625481367111206,POS,excellent feedback  ill work on it it is nw focused as thats where i know best ill get these edits on in the next couple days
231,0.002535490086302161,0.0742609053850174,0.9232035875320435,POS,got them thanks
232,0.0015337960794568062,0.15562859177589417,0.8428376317024231,POS,that said both g and i ne in that stretch are comfortable rides either direction
233,0.00202169525437057,0.11321254819631577,0.8847658038139343,POS,thanks ill get this in
234,0.008701637387275696,0.978939414024353,0.01235891878604889,NEU,could you describe the route you take on the capitol grounds eastbound and westbound from pennsylvania to east capitol do you use northwest or southwest dr
235,0.009716620668768883,0.5585898160934448,0.43169355392456055,NEU,yep i meant v thanks
236,0.007028308231383562,0.7574238181114197,0.23554787039756775,NEU,not unpopular but the idea is to include unofficial but imo optimal routes to connect the various regions of the city plenty on this map that isnt on google maps cycling
237,0.009012976661324501,0.5172023773193359,0.4737846255302429,NEU,agree
238,0.0023658014833927155,0.05133149027824402,0.9463026523590088,POS,great how did it go
239,0.0025850802194327116,0.7223091125488281,0.2751058042049408,NEU,you can export the osm data and import it to your map easily enough let me know if you want help i can pull it real quick and send you the kml files
240,0.31190088391304016,0.6750045418739319,0.013094591908156872,NEU, i have bikemap which uses opencyclemapok then you already have it  opencyclemap is openstreetmap so everything i put into openstreetmap will already show up thereit doesnt seem to be updated though  bikemap has some terribly old data  i dont see the bikelanes on th st nw or g st nw or virginia ave etc etc  and opencyclemaps own website isnt showing sharedbuscycleways on h and i streetsas for how to embed data from one map to another thats usually dependent on which map youre using  i like to use geojson files and kml files and gpx files to get small amounts of data between maps because those formats are fairly open and can be used on almost any map  but getting the data into those formats isnt always easy
241,0.0034558046609163284,0.9169367551803589,0.07960748672485352,NEU,sure westbound id go from east capitol cross first st then go straight toward the capitol building along the plaza then bear right north to reach the small road labeled northwest dr on google maps that empties out at a small traffic circle with the peace monument in it eastbound i use the path just south of northwest dr because the road is one way its a very wide path and on a steep upward hill so youre going slow and theres no problem sharing with pedestrians
242,0.06679188460111618,0.5890755653381348,0.34413260221481323,NEU,i mean fortunately the biking infrastructure from columbia heights and south is reasonably good and that inner core is where i mostly cycle  other then georgetown theres never anywhere west of rock creek park that im ridingalso just as a substantive criticism of your map  your map doesnt seem to be taking into account hills one reason i dont ride nw of rcp or in mt pleasant which you have an image for is that the hills are way too steep
243,0.0020008981227874756,0.057892873883247375,0.940106213092804,POS,felt a lot safer
244,0.0019109388813376427,0.0928909033536911,0.9051981568336487,POS,thanks ill add it
245,0.0012441714061424136,0.008879726752638817,0.9898760914802551,POS,the beauty of dc is that all areas have good access to trails and good routes that said for a road cyclist id say the closer you are to beach dr the better
246,0.0017790824640542269,0.1007070541381836,0.8975138664245605,POS,imo the best pure road riding nearest dc is in the montgomery county agricultural reserve the roads are quiet scenic and moderately hilly living along the western leg of the red line of metro will give you access to some of those roads whether by car or bike youll still be able to use the rock creek valley and the cct that way as well a bonus about moco is that the county has a bicycle master plan and money committed for its implementation
247,0.015603626146912575,0.8320424556732178,0.15235386788845062,NEU,lowertraffic roads or trailsplenty of trails in the area none of which are particularly low traffic though most are pretty full in the evenings and weekends locals use the hell out of recreation here thats not to say its bad just something youll have to get used topretty much any neighborhood along the potomac river in va or dc is recreation heaven and has good access to public transit and downtown dc tends to have a little more nightlife restaurant scene than virginia imo but both sides have their pluses and minuses virginia neighborhoods would be pentagon city potomac yard rosslyn dc would be georgetown foggy bottom district wharf navy yard lots more but thats a start either side you have a large community of local bike shops and group rides to choose from if you like that potomac pedalers is pretty active i would avoid anywhere in md if you want to bike commute to k st as it would be a trek from anywhere decently urban like silver spring montgomery county
248,0.0010825537610799074,0.0193707887083292,0.9795466065406799,POS,in montgomery county live anywhere within a few miles of rock creek park and youre golden i live in rockville near olney and i can ride from my house to downtown dc without ever spending time riding on major roads crossing a few thoughtheres also a bunch of great if short singletrack and wooded rides too its a wonderful place to ride bikes
249,0.0028279379475861788,0.9039905071258545,0.09318151324987411,NEU,anywhere within a few miles of the wod trail will get you access to that and connections to the trails nearer to dc
250,0.017935218289494514,0.9168549180030823,0.06520996242761612,NEU,rosslyn
251,0.0022694955114275217,0.1623554229736328,0.8353751301765442,POS,maryland thoughts sligo creek trail is pretty great for cycling and hooks up with the anacostia trail  south of takoma park it is less crowded and north of takoma park it is fine to cycle on the road you can go from wheaton to navy yard without riding on a road if you want river road and beach drive are generally the known cycling roads  capital crescent is too busy for bike training rock creek trail is great for riding but i probably wouldnt do high intensity training on it co canal trail is also good for riding dirtfine gravel but it is busy south of great fallsmontgomery county and dc also close some streets to car traffic on weekendsgenerally the bike infrastructure is much better than many us citiessuburbs but there are gaps in between routes
252,0.0027934852987527847,0.9005239009857178,0.09668257087469101,NEU,i live in silver spring less than half a mile from rock creek park and beach drive large parts of which are closed to traffic there are also many paved trails that parallel or shoot off from bd last week i rode down bd to the co towpath then to the capital crescent across bethesda back through the park and home for a nice mile ride if you have the app alltrails you can see bike trails in the area and decide which trails you want to live near there are many
253,0.005173327401280403,0.5904087424278259,0.4044179916381836,NEU,arlington between rosslyn  ballston  access to all the great cycling wod custis mt vernon rock creek and cap crescent and running trails to k st with several metro stops  although it is across the river the co canal towpath is a runners paradise restaurants bars etc you will pay a small fortune for housing but you get used to it
254,0.005064820405095816,0.7247241139411926,0.27021101117134094,NEU,too major things to optimize for closeness to hains point basically the only semiuninterrupted loop miles where you can put in training miles closeness to the west side of the city this means access to rock creek park it also almost more importantly means access to macarthur blvd which you can take to potomac and the ag reserve further up which are some of the chillest and best riding roads in the entire region based on these two factors that would point to somewhere like foggy bottom the most expensive zip code in dc another slightly less expensive options would downtown adams morgan dupont area
255,0.0010554053587839007,0.014048030599951744,0.9848965406417847,POS,the mt vernon trail is one of the great ones to live by as it connects to so many other bike trails and goes past multiple bridges into dc  is a map on there check it out give you an idea of where you could live by it with easy access into dc
256,0.00820557214319706,0.9726305603981018,0.01916392892599106,NEU,or anywhere along the wod east of e falls church metro or the custis trail
257,0.0013062362559139729,0.08298377692699432,0.9157100319862366,POS,never biked out there looks real nice took this picture yesterday of all the construction workers parked on the sidewalk next to the atworth apartments at college park metro
258,0.9597568511962891,0.0377555675804615,0.0024875174276530743,NEG,some lady and her husband chased me with their truck and suv because she was driving in the bike lane behind me and i gave her a piece of my mind he caused me to crash as i was running from him ogr bike lanes are a joke those bollards dont prevent idiocy
259,0.978352427482605,0.018341723829507828,0.0033058070112019777,NEG,i swear there is no more entitled driver out there than a landscaping truck st last week 
260,0.9651023745536804,0.03243714198470116,0.0024604792706668377,NEG,how much of an idiot are you if you refuse to go around
261,0.9717408418655396,0.025888558477163315,0.0023707281798124313,NEG,a shame the county wasted all that time to make a carcentric bike lane that makes all turns a shit show then reduce the speed limit and paint imaginary lines and ofc folks antagonize cyclists for using  the motherfuckin bike lane
262,0.1086243987083435,0.8770327568054199,0.014342837035655975,NEU,those things are just vertical paint to drivers
263,0.3679157495498657,0.5778913497924805,0.05419285595417023,NEU,sorry to hear of course and hope youre alright
264,0.029155543074011803,0.9168813228607178,0.0539630725979805,NEU,rwoosh
265,0.9588192701339722,0.03856930509209633,0.002611469943076372,NEG,this i am so sick of defending those bike lanes to the world yes bikes deserve space when the actual lanes are so stupidly done dont actually solve the problem and cause other problems
266,0.965344250202179,0.032210178673267365,0.002445551101118326,NEG,exactly then it leads to this awful cycle tehe of low traffic in the bike lanes bc no one wants to die commuters who absolutely need it are the ones who face the bullshit and death and people in cars feel slighted by the perceived waste of space engineering tax dollars at work share the road
267,0.9628275632858276,0.034496963024139404,0.002675419906154275,NEG,yes and we hear over and over that we dont need the bike lanes because no one is using them it almost feels like they are designed to fail
