,NEG,NEU,POS,label,cars
0,0.10241156816482544,0.795998215675354,0.10159018635749817,NEU,i probably wouldnt be living in the area if it wasnt for metro
1,0.6532248258590698,0.31890952587127686,0.027865612879395485,NEG,i didnt even bring my car when i moved to the area i cant even imagine what it would be like without the metro
2,0.23110747337341309,0.6739059090614319,0.09498672187328339,NEU,i dont own a car if not for the metro and metrobus id be driving almost daily even more likely i wouldnt be living in dc as decent public transportation was toward the top of my list when deciding to move to a new city
3,0.06427556276321411,0.8496333956718445,0.08609101921319962,NEU,my bike is a bigger reason my car is mostly a lawn ornament but metrorailmetrobus do replace at least a few car trips per week
4,0.14160467684268951,0.8132639527320862,0.0451313741505146,NEU,for me its not so much that im driving less but that im going to things that i just wouldnt do if driving and then paying for parking were the only option especially now that im wfh theres no way id go to evening events downtown without the bustrain id probably go to the nats once per year vs  wed also need to be a two car household instead of oneso its a mix of saving money and opening up the city for me plus spending more money in ways that stay in the community vs sending it out to multinational companies via higher oilgas consumption and buying more cars
5,0.09452036023139954,0.8735231757164001,0.03195643052458763,NEU,i use metro literally every single day on the other hand my car sometimes goes weeks at a time without seeing any use
6,0.02634693868458271,0.12682972848415375,0.8468233346939087,POS,im a top  capital bikeshare user and carless that and metro make cars unnecessary for my life and i couldnt be happier about it
7,0.0033212597481906414,0.5919284224510193,0.40475034713745117,NEU,agreedmy late wife and i bought our last house specifically because it was walking distance to a green line metro station while still being a short drive to her workplacei used to only drive to home depot  lowes and maybe the grocery store and  of those trips were on the weekend
8,0.009302494116127491,0.15749341249465942,0.8332040905952454,POS,i bought a car a year and a half ago for a job i left eight months later  but i work fulltime from home i live two blocks from a safeway and shopping including two cvss multiple restaurants and worst of all an amazing bookstore and a wonderful library with weekly booksales unfortunately since the car market has seemingly collapsed im upside down on my car i drive maybe once or twice a week and i complain but i have a good rate on insurance have good gas mileage and i love driving a speed plus its easier to visit friends in baltimore and family on the eastern shore
9,0.8752902150154114,0.11896612495183945,0.005743658170104027,NEG,bro every now and again i have to jump my car bcuz i hardly drive it and the battery for lack of a better phrase just conks out
10,0.3101358413696289,0.6435522437095642,0.04631201550364494,NEU,deleted
11,0.0013597735669463873,0.0763540044426918,0.9222862124443054,POS,we had two cars downsized to one it gets out maybe once a week but super useful for trips outside of dc which are something like a monthly type thing
12,0.0020353856962174177,0.014665326103568077,0.9832993149757385,POS,for me its the capital bike share if its above  i bike i love it i wish i felt safer but the bikes themselves and their ecosystem are great all else is metro which mostly takes me to work i havent explored far out yet been here  months now
13,0.24965927004814148,0.5130321979522705,0.23730851709842682,NEU,thanks to metro uber and freemove i have not owned a car since i moved from upper nw to gallery place  years ago so unnecessary to drive if you plan ahead
14,0.44725626707077026,0.5149285793304443,0.03781517595052719,NEU,the bus is a bigger reason why i only use my car a few times a months  i wouldnt have a car if my parents didnt live in a nontransit accessible part of central pa
15,0.03263290971517563,0.5197182297706604,0.4476487934589386,NEU,i used to drive to work every day but i got the unlimited metro pass and no longer drive at all takes longer but i can read text people and do stuff instead of focusing on not crashing
16,0.001309170271269977,0.011782093904912472,0.9869087338447571,POS,ever since the silver line extension i drive only a couple of times a month and love it
17,0.004588793963193893,0.9394704699516296,0.05594072490930557,NEU,same i take the metro every day to work car is just for the weekend basically
18,0.005956708453595638,0.9606716632843018,0.03337167948484421,NEU,i do a combo of metro walking uber and driving depending on where i have to go right now i drive maybe  days each month it comes out to about k miles a year without metro it would probably be  days each week
19,0.05985710397362709,0.7492102980613708,0.19093258678913116,NEU,sold my car and bought a very old fun car since reliability wouldnt be a concern i probably drive once or twice every couple of weeks access to things including other cities without a car is one of the main reasons we live here
20,0.09618021547794342,0.7414616942405701,0.1623581200838089,NEU,im a dc native and although i grew up with my parents both owning cars and then moving away and living in densly populated cities i stand by my point to live carfree for the rest of my life i hate driving and i dont see the point in having one when i can just metrobikescooter everywhere with an ocassional uber ride no regrets i bike to work everyday i use metro mainly bus to run errandsvisit places and people scooter if i am in a rushrunning errands if i dont feel like biking and will uber ocassionaly not super often i dont regret it i would not be able to afford a car if i had one anyway
21,0.07765393704175949,0.8308292031288147,0.09151695668697357,NEU,living in a walkable neighborhood is the reason my car stays in a garagemetro is the reason i own one in the first place
22,0.0031417026184499264,0.8898621797561646,0.10699620097875595,NEU,i drive twice a week once to my kids swim lesson and once to lidl or costco
23,0.014238309115171432,0.7178280353546143,0.2679336667060852,NEU,i drive maybe once or twice a month if it werent for the metro i would probably drive a couple times a day the metro is a big part of the reason i moved here
24,0.004051154013723135,0.9517722129821777,0.04417656362056732,NEU,i might be able to get by a bit but id still need a car to get to work out in tysons one day a weekim planning to move to baltimore soon though and probably will still do marc  metro for that one day i have to go into the office a week
25,0.002349375281482935,0.04429788887500763,0.9533527493476868,POS,i personally keep my car out of the city with family but since ive lived here i have only ever needed it about  or  times just to movepickup furniture or travel somewhere that requires a little bit more distance than the metro can take me the public transportation here is honestly working out super well for me
26,0.9680911898612976,0.028970209881663322,0.0029385178349912167,NEG,i wouldnt live in this area  the traffic would be appalling
27,0.025637365877628326,0.9398539066314697,0.03450870141386986,NEU,when i stay in dc i park my car in a garage and dont use it til im leaving
28,0.0013695608358830214,0.023010000586509705,0.975620448589325,POS,were in brookland so we grocery shop in hyattsville typically i drive my car for about  minutes total every sunday to do so not as impressive as you op but i love that im only in it for ish hours a month now everything else is metro special shoutout h bus all the way
29,0.11889488995075226,0.685846745967865,0.19525837898254395,NEU,ill take the flip side of this  metro is not a convenient option from my location in the burbs i use it a single digit number of times per year mostly when i have friends in town and im playing tourist in the city with them all day i hate driving in this area more than words can describe but i do it every day out of necessity if metro were an option for my daily commute i would use it
30,0.04582289978861809,0.9006128311157227,0.053564198315143585,NEU,how much more would you be driving if you needed to drive somewhere but didnt have an alternative mode of transportationi guess i would drive more frequentlythant makes sense  more  gotcha
31,0.016687782481312752,0.07493480294942856,0.9083773493766785,POS,zero i gave up on metro about  years ago after riding it for  years havent looked back dont miss it one bit at least not its current state it was fantastic in the s
32,0.05441323667764664,0.7917423248291016,0.15384449064731598,NEU,i drive  days a week because of metro prepandemic i had a bus  metro commute and since the time schedules havent been back to normal i begrudgingly made the switch to the car commute then realized it was a blessing in disguise it reallyyyyy sucks if you miss the bus and next one is in  minutes then its just a domino effect to catching a train it takes me  min to drive or min public transportation hitting transfers door to door my company gives us either month for public transportation or free parking spot in the garage so it was a no brainer to be like jk can i switch plz its not even a cost thing bc i used to get month unlimited pass and pocket the rest of my transport benefitas service slowly rebounds i am starting to do a hybrid but damn is it rough to convert back after having the conveniences i comically got motion sickness when i took metro for first time in monthsin my non work commute my day to day i usually walk or ebike bc things i need are within walkingbiking distance im actually planning to move and broadening my geographical search to neighborhoods that arent directly on top metro line but within a mile and served by bus
33,0.1076890155673027,0.8363670110702515,0.05594400316476822,NEU,i wouldnt live in a city without a metro or equivalent
34,0.005949330050498247,0.8417550325393677,0.15229560434818268,NEU,not that much more the city is walkable and i work from home i can walk or ebike pretty much anywhere i need to bei mostly drive to visit friends in va or pick up specialty groceries in md
35,0.8427605032920837,0.1395750492811203,0.017664393410086632,NEG,i was driving  some odd miles every day now i drivewalkbike a mile to the metro i cannot remember the last time i got gas its greatbiggest complaint is walking is uphill both ways so the band where the weather is good is very slim bike is quick but the drivers between home and the metro are nuts
36,0.055606476962566376,0.8147829174995422,0.12961061298847198,NEU,someday i will convince my family to move downtown and the first thing i will do is turn my car into scraps
37,0.7983633875846863,0.1941060721874237,0.007530489936470985,NEG,dailyi only really drive for pleasure here
38,0.7108041048049927,0.28326326608657837,0.005932613275945187,NEG,bro this is def wmata burner account 
39,0.8116875886917114,0.1834316998720169,0.004880751948803663,NEG,id go from driving  days a week for work to  i only drive those  days because i have to go from dc out to maryland and its not convenient at all to metrobus to that area id prefer to not drive at all and just metrowalk
40,0.0600881464779377,0.46646586060523987,0.47344598174095154,POS,ive lived here for a decade and happily never felt the need to own a car hell you can take the train to harpers ferry
41,0.9758104085922241,0.021237924695014954,0.0029516280628740788,NEG, times a week and i would be so fucking miserable too
42,0.21719740331172943,0.7610580921173096,0.021744588389992714,NEU,honestly not that much more i ride a motorcycle and my job requires me to make frequent random visits to client sites msp a car would be annoying but doable and metro doesnt go where i need itin addition since i spend the majority of my time in the city i live in the district proper i try to get out on the weekend easy to ride or drive my fiances car out  minutes to chesapeake beach or annapolis then it is to take public transportation same for the monthly costco trip i mostly take metro to go to the airport or to get back home after walking to the mallmuseums on a saturday  but its too slow at least compared to my motorcycle and doesnt go where i need it when i need it
43,0.07854492962360382,0.8637462854385376,0.05770878493785858,NEU,same i thought about selling my car for a long time and debating just staying in dc but ill have to move back to car city la in a few years plus i got a car during covid with a  interest rate the extra costs of parking and insurance are tough and with inflation its hard to make the payments but i got  more years and then its all mine and by then ill probably be back in california
44,0.010436736047267914,0.9717881083488464,0.017775222659111023,NEU,assuming we mean metrorail maybe month buses however
45,0.6256299018859863,0.3047372102737427,0.0696328803896904,NEG,i got rid of my car bc of the metro its just a black hole of money otherwise plus i sleep better knowing i dont gotta move for street sweeping
46,0.003282315330579877,0.06691233813762665,0.929805338382721,POS,between metro and my bike i havent driven in  weeks   work day starts the moment i walk in the door ends the moment i leave been since august and i have never been happier nor healthier with all the reading and riding ive been doing in the time i used to spend fighting traffic  doortodoor it is actually faster because i dont have to park and walk to my office
47,0.6990506052970886,0.29231181740760803,0.00863760244101286,NEG,i need a car for work potential for having to go into work after metro hours  with silver line expansion i can start taking the metro and i think i might monday  because traffic has gotten even worse  i maybe drive on the weeknightweekend maybe once or twice a quarter
48,0.0019975274335592985,0.06224643811583519,0.9357559680938721,POS,i live in ashburn and use the silver to get to workcan walk from my house to grocery and restaurants so my car happily sits at home most of the time  love the metro
49,0.8994362354278564,0.09602775424718857,0.004535970278084278,NEG,opposite  live a  minute walk to a metro stop but hardly use it because it doesnt go to the places i need and it takes x longer than driving
50,0.07359103858470917,0.7389978170394897,0.18741117417812347,NEU,i live out in the burbs the metro saves me a ton of driving in every day i dont have one of those fancy wfh jobs
51,0.08490482717752457,0.9002207517623901,0.014874422922730446,NEU,i still drive from where i live it would take me an hour with multiple transfers to get to work for my mandatory in office day by car  minutes with a straight shot to the office by bike is  minutes
52,0.2853672504425049,0.5837656259536743,0.13086718320846558,NEU,nice try wmata
53,0.007345152553170919,0.9669885039329529,0.025666378438472748,NEU,i drive once a week to the office
54,0.010284611023962498,0.6528534293174744,0.33686190843582153,NEU,i like the metro but only  a week  if i need to get somewhere quick or nowhere near a metro like shenandoah or great falls then i drive
55,0.899009108543396,0.0933215320110321,0.007669385056942701,NEG,wmata is the reason i drive every day
56,0.915937602519989,0.07981570810079575,0.004246631171554327,NEG,metro is too much of a hassle i live in dc and prefer to drive havent used the metro in about  years
57,0.9030271172523499,0.09271207451820374,0.0042608450166881084,NEG,live in the city but i never use metro uber walking and my whip is how i get around metro just isnt worth the hassle
58,0.3297457695007324,0.6628196239471436,0.0074346475303173065,NEU,i dont know id have to learn the bus schedule and then see if that was convenient for me to go to work
59,0.5277873873710632,0.4604964852333069,0.011716115288436413,NEG,i drive more because i dont want to to get shot on the metro
60,0.9736077189445496,0.021002447232604027,0.005389894358813763,NEG,metro is ass
61,0.008618656545877457,0.9517520070075989,0.03962932154536247,NEU,i only drive for groceries and maybe going out of the city once a month
62,0.11900390684604645,0.8664939999580383,0.01450213324278593,NEU,i havent lived yet in a city with a metro how are you grocery shopping do you just have it delivered
63,0.8210067749023438,0.17424581944942474,0.004747471306473017,NEG,aside from driving to visit my partners family in nova twice a month i never drive id take the metro but the trip is unjustifiable for the time i spend out there been like this for about  years now
64,0.4103412926197052,0.5783472061157227,0.01131155900657177,NEU,no difference i dont take the metro
65,0.19586563110351562,0.7898752093315125,0.014259208925068378,NEU,i used to drive every day in my home townnow i drive once a week if that mostly just to not get the street sweeper tickets so  times a week
66,0.9033417105674744,0.09254148602485657,0.004116831813007593,NEG,my battery keeps on dying because i only start her up maybe once a week or more
67,0.33367833495140076,0.6293413043022156,0.03698032721877098,NEU,i never drive but tbh i dont even use metro either  i walk or bike everywhere i need to go but thats only because the nearest metro stations to me are all farther away than most of the places i need or want to go  if metro had more extensive coverage of the city and ran more frequently i would use it regularly  fuck cars though
68,0.05311522260308266,0.7484877705574036,0.1983969658613205,NEU,i moved to dc so i would  never  have to drive again
69,0.11361891031265259,0.7131538987159729,0.1732272505760193,NEU,i would love to get to the point where i dont use my car for days at a time i am in the pg suburbs so there is enough density to bike places but the bike infrastructure is just not there for a lot of trips most of the roads along the route  corridor are more like freeways and a lot of people do try to bikewalk but im not that brave
70,0.01788221299648285,0.8186340928077698,0.16348376870155334,NEU,imagine if we had a relatively half way decent metro system
71,0.1205093115568161,0.8688032627105713,0.010687461122870445,NEU,is this an ad for the metro
72,0.011294784024357796,0.5573768019676208,0.4313284158706665,NEU,im going to be moving to dc next month  ive lived in the area for  years but have always commuted in  im planning on givinglending my car to my sister and using the metro uberlyfts and zip cars when i absolutely need a car  looking forward to not having a car really
73,0.036677103489637375,0.9158024787902832,0.047520361840724945,NEU,i should probably use the metro more i tend to rely on uber while my car stays parked
74,0.8495439291000366,0.14257758855819702,0.007878489792346954,NEG,metro is a big reason i  work from home and my car stays in the garage i was once caught on a train between archives and chinatown that caught fire havent really been a fan since
75,0.9583381414413452,0.03815784677863121,0.003503932384774089,NEG,no car here all because of metro
76,0.6938103437423706,0.2954222559928894,0.010767425410449505,NEG,after moving to dc with my partner we quickly realized that we rarely drove paying for parking for two car felt extremely excessive especially since we live by all the metro lines and almost never drove anywhere i ended up selling my car 
77,0.9741846919059753,0.022549619898200035,0.003265590872615576,NEG,the metro is literally the reason i drive all the time  its awful
78,0.0014630294172093272,0.009293485432863235,0.9892435073852539,POS,i think its been  years since i rode the metro i love my car
79,0.03444943204522133,0.17076656222343445,0.7947840094566345,POS,i absolutely love saying i havent seen my car in two months but the truth is i might have gone down to crank it up or just check to see if its still there because damn dc cars just up and disappear sometimes
80,0.0030094049870967865,0.13128064572811127,0.8657099008560181,POS,coming from the los angeles area where i could not get anywhere without a car to living in dc without a car has been one of the best experiences of my lifemy main source of income is working as a freelance musician which means in an average week i visit  to  distinct locations in the dmv area to play which might be totally different than the gigs i had the previous week hauling around my gear on a bike trailercart  of the time my best option is to use capital bikeshare and i might use the metro or bus to get to the general vicinity sometimes ill ride my ebike instead especially if there are no cabi stations near my destination every once in a while i have to rent a car to play a gig way out in stevensville or somethingmy other source of income is delivering for uber eats which i do entirely on my ebike im pretty sure its actually faster sometimes than it would be by car especially in the thick of the cityif not for cabi metro and bus i would be doing so much driving and sitting in so much trafficlike i used to back home
81,0.7611179351806641,0.23142951726913452,0.007452567107975483,NEG,same here nobody appreciates the metro like they should
82,0.01315779983997345,0.39241692423820496,0.5944252610206604,POS,i dont drive so the metro despite its many issues is really a lifesavior in the dc area its the main reason i go there and visit
83,0.002226124983280897,0.027748534455895424,0.9700253009796143,POS,i never had a car in dc or now in arlington dont need one take metro or bus or uber dont miss it because for me its less worry and i feel free walking keeps me healthy
84,0.01232836488634348,0.9679017663002014,0.019769905135035515,NEU,not more but then again i bike on the custis trail into work daily
85,0.19606712460517883,0.4889158606529236,0.31501707434654236,NEU,i love taking metro but the daily parking fees are expensive looking to ride a bike and lock it up for now im driving my beaterupper car on its last leg
86,0.0019357361597940326,0.8472917079925537,0.1507725566625595,NEU,one more thing transit enthusiasts join this local meetup  we do x monthly meetings  is a stationary meeting at the cleveland park library to learn the history triviaartstories and a moving meetup taking one of the lines or transit options check out transit enthusiasts of dc on meetup httpsmeetupscksxzlra
87,0.6901832222938538,0.295297235250473,0.014519576914608479,NEG,dense cities become quickly unlivable if every worker takes a car in every day the metro and the bus systems are the lifeblood of every big dynamic city
88,0.01204619463533163,0.562749445438385,0.42520439624786377,NEU,this is honestly true i moved here very much in an attempt to reduce my car usage and live somewhere where i could get my basic needs met without a car  work gym grocery shopping all things i can do without driving
89,0.3825826644897461,0.5829065442085266,0.034510817378759384,NEU,yeah i wanted to grab coffee at union market today from the upper nw took my car since it was a little windy big mistake ended up driving to the area hit traffic and just went home hitting more traffic ended up being more than an hour back and forth next time ill metro lol
90,0.0368933230638504,0.8121514320373535,0.15095527470111847,NEU,yep this
91,0.9422146081924438,0.054748933762311935,0.0030364268459379673,NEG,main reason i moved back to city metro has its faults but live in area without transit and spend hours in traffic for a year and tell me how bad metro is
92,0.05682660639286041,0.6984251737594604,0.24474824965000153,NEU,same i sold my car right before moving here i didnt really have a choice because i needed the money but it would have been a good decision regardless i save so much money not owning a vehicle and having my employer pay for my metro commute
93,0.1589847207069397,0.7674353718757629,0.07357987761497498,NEU,same we got rid of our cars knowing theyd be broken into parking would be a hassle and wed save tons of groceries delivered  uber  scooter for me  wife does  remote work based out of nyc
94,0.018130376935005188,0.33221516013145447,0.6496543884277344,POS,same between metrouberturo im still saving more money than i would if i was paying for gasparkinginsuranceand all the fun unexpected expenses with a car
95,0.06025828421115875,0.8932411670684814,0.046500563621520996,NEU,same didnt buy a car when i got a job here and used the money i saved on paymentsinsurance to move to a more convenient location and take metro to work everyday instead
96,0.043450504541397095,0.8798253536224365,0.07672401517629623,NEU,yeah we sold our cars back in kansas city a dozen years ago and never looked back
97,0.011796632781624794,0.8592445850372314,0.1289587914943695,NEU,i moved to dc in  straight after college and left to go back home in    which is also when i bought my first car we did start using car share a bit after we had kids but theres no way we couldwould have continued to live in the area without metro
98,0.2258157879114151,0.6897277235984802,0.08445648849010468,NEU,capitol bikeshare and the expansion of pbls across the city means i only drive once a week
99,0.03612126037478447,0.7338276505470276,0.23005108535289764,NEU,yep the specter of parking and traffic will get me to bike pretty much anywhere in nearly any condition my car is used exclusively for shopping trips where im buying more than i can carry  trips far outside of the city
100,0.06089667230844498,0.8522815108299255,0.08682184666395187,NEU,same 
101,0.007095590233802795,0.9389719367027283,0.05393243581056595,NEU,where do you see that youre in the top  of bikeshare users
102,0.010213135741651058,0.961834728717804,0.02795206569135189,NEU,how many stations have you collected
103,0.040222860872745514,0.9444543719291687,0.015322698280215263,NEU,why capital bike share vs getting your own bike at that point
104,0.0162027720361948,0.9260414838790894,0.05775568261742592,NEU,adams morgan
105,0.0019103732192888856,0.21526458859443665,0.7828251123428345,POS,yeah me too i need to go for a drive this weekend lol
106,0.361453652381897,0.6289737224578857,0.009572619572281837,NEU,i had this problem during the summer 
107,0.06089667230844498,0.8522815108299255,0.08682184666395187,NEU,same
108,0.023561885580420494,0.9626216888427734,0.01381643582135439,NEU,wait do you mean bmore to tysons commute
109,0.9592638611793518,0.037292297929525375,0.0034438646398484707,NEG,i took the bus recently for the first time since the pandemic and i was so motion sick 
110,0.907517671585083,0.08784169703722,0.0046405913308262825,NEG,metro astroturfing this sub is funny dont forget that they ran those defective trains knowingly for four years could have fixed them during the pandemics peak chose not to a train derailed and high level execs were allowed to resign without anyone facing consequences
111,0.0023936638608574867,0.059845052659511566,0.9377613067626953,POS,backgood
112,0.0816335454583168,0.8257967233657837,0.09256970882415771,NEU,
113,0.014742598868906498,0.9650023579597473,0.020255113020539284,NEU,i have the option of reserved parking space at my office but i opted for riding the metro instead it takes about the same amount of time but i can sit back and read a book whilst the train whisks me to the office instead of dealing with traffic
114,0.9113587737083435,0.08533331006765366,0.003307891543954611,NEG,my i ask which neighborhood
115,0.002820514375343919,0.5120530724525452,0.48512643575668335,NEU,the chances of being carjacked is multiple times higher every time youre getting in or out of your car at a parking lot pumping gas at a stop light or stop sign driving at night
116,0.0045986780896782875,0.8410075306892395,0.15439380705356598,NEU,there are walkable grocery stores near me and i have a granny cart if i need a lot of stuff
117,0.002496367087587714,0.24163047969341278,0.7558730840682983,POS,there are  main groceries harris teeter  trader joes giant and safeway in downtown bethesda and i live a few blocks from some of them i get produce from the weekly farmers market as well were a household of  and with all the restaurant options in the neighborhood we eat out a lot so not much to carry between groceries and home
118,0.011531904339790344,0.06068853661417961,0.9277795553207397,POS,when i lived in nyc specifically brooklyn i use a spinner suitcase with wheels but a lot of people use grocery carts perfectly normal  something like this  httpswwwamazoncomdbestproductstrolleyshoppingfoldabledpbkxmbg
119,0.4976958632469177,0.4736347794532776,0.028669308871030807,NEG,i love the metro the more people that take the metro the less traffic i have to deal with on the street 
120,0.00615314394235611,0.9650670289993286,0.028779709711670876,NEU,yeah i detest driving so i only move to walkable cities
121,0.9229655861854553,0.07320480793714523,0.0038295297417789698,NEG,do you have groceries delivered do you just not buy much at once or do you have a cart or wagon or something you take grocery shopping
122,0.3101358413696289,0.6435522437095642,0.04631201550364494,NEU,i sometimes wish wed just pull the trigger and liquidate the car we only use occasionally it is like a child and their safety blanket the car is such a hassle to deal with
123,0.0034079805482178926,0.8814846277236938,0.11510739475488663,NEU,deleted
124,0.0041197133250534534,0.2856910824775696,0.710189163684845,POS,in the app go to the sidebar then view profile in the account settings section it should say the number of stations visited and which  of riders youre in im not sure how they calculate it but it seems like its by total stations visited rather than total distance or amount of rides so it could be more accurate
125,0.395264595746994,0.5533841848373413,0.05135125294327736,NEU,as both a person with a commuter bike and bikeshare different uses my commuter is good for when i have a safe place to store it my office but if im going out on the weekend or evenings i will almost always use a bikeshare no worries about theft plus if it gets late and i need to call a taxi home i dont have to come back for the bike drivers also give bikeshare users more roomthe thing about bikes is that they are so cheap compared to cars you usually can easily afford a bike and bike rental
126,0.01429298147559166,0.11745958775281906,0.868247389793396,POS,im absolutely paranoid about my bikewheels getting stolen the convenience of being able to dock and forget about bikes is worth the extra few minutes of walking tofrom stations and the annual fee i also bike recreationally and use my fairly nice bike for that
127,0.008308228105306625,0.9710182547569275,0.020673461258411407,NEU,i love cap bikeshare because i dont have to spend time findign spot for bike and i just dock it and go  i dont have to worry about bike being stolen
128,0.9597809910774231,0.03693200647830963,0.0032870396971702576,NEG,connecticut avenue a few blocks south of chevy chase circle
129,0.02028973400592804,0.9561118483543396,0.02359846979379654,NEU,unfortunately we dont have a library here 
130,0.1358194649219513,0.8261008262634277,0.03807975724339485,NEU,also describes dupont
131,0.6573415398597717,0.32705485820770264,0.01560356467962265,NEG,yup  hours for the cheaper col and some other things going on in my life its manageable it could be more like h min if i left real early and drovebut i rather ride transit and least do something and have it take an extra hour
132,0.030666109174489975,0.8393639922142029,0.12996992468833923,NEU,paying more taxes for metro  cheaper gas
133,0.00446296576410532,0.9103226661682129,0.08521435409784317,NEU,me too
134,0.005156597588211298,0.9378578662872314,0.0569855161011219,NEU,people who live within walking distance of a grocery store usually go multiple times a week and only carry a few bags back
135,0.07474704086780548,0.9117789268493652,0.01347392052412033,NEU,buy groceries several times a week and have two carts  one for regular grocery trips and one for big grocery trips or bulky items
136,0.0017123048892244697,0.0054601039737463,0.9928275942802429,POS,what are you keeping it for
137,0.012372670695185661,0.7543122172355652,0.23331506550312042,NEU,yep they make it really pleasant if your route has then i go up and down th st nw and with the bike lights its awesome going from admo to downtown
138,0.08310740441083908,0.8660328388214111,0.050859760493040085,NEU,ive got 
139,0.037064556032419205,0.9291700124740601,0.03376547247171402,NEU,i have a bicycle and still use the bikeshare like  of the time ive had a bike stolen and i sometimes want to go one way with metro or uberlyft covering the return route
140,0.7306499481201172,0.2578651010990143,0.011484989896416664,NEG,same for me
141,0.5994970202445984,0.3735910952091217,0.02691187709569931,NEG,ahhh i didnt see that just the bookstore and i thought it was lost city books
142,0.004162294324487448,0.2652646601200104,0.7305730581283569,POS,weekend trips lol cars make us like toddlers we hold onto things for non rational reasons
143,0.007379831746220589,0.47700414061546326,0.5156160593032837,POS,cars are a luxury skip the need to rent when you can leave the city novamaryland etc with no planning for instance you can have friendsdate outside of city limits as well as be mobile beyond the convenience of which metro line is closest i know uber exists but most people that can afford the high cost of car ownership opt to have it even if it is not for everyday use
144,0.025800207629799843,0.8195728659629822,0.15462692081928253,NEU,im tryna be like you
145,0.46064645051956177,0.522382378578186,0.016971195116639137,NEU,you could rent a car for pretty cheap get an airbnb with the money youd be saving on car insurance i sound like a commercial 
146,0.9129657745361328,0.08366502821445465,0.0033691355492919683,NEG,it can be a process like giving away old clothes or sentimental things that just take up space others might pressure you to keep it while you burn money on insurance gas and tickets when you can be spending that on better things
147,0.9665313959121704,0.03009791672229767,0.003370748832821846,NEG,honestly its gonna be a total crapshoot to try and accurately predict how bad itll be and when make sure to take potential weather into account when planning your timing if its crucial that you arrive on time i would plan on the trip taking double the normal amount of time early is on time on time is late
148,0.01928788237273693,0.8996861577033997,0.08102589845657349,NEU,its been a while since ive done it but in the past tuesday and wednesday before thanksgiving was awful traffic out of the city
149,0.5138541460037231,0.46461787819862366,0.021528011187911034,NEG,amtrak
150,0.004774043802171946,0.9295068383216858,0.06571905314922333,NEU,i feel like they always say tuesday afternoon is the worst time to depart for thanksgiving or at least that was the case last year something about more people taking wednesday off id recommend amtrak
151,0.46894150972366333,0.49741101264953613,0.03364745154976845,NEU,might be worth it to drive out to eastern shore and up 
152,0.3051023781299591,0.6698538064956665,0.025043871253728867,NEU,be driving down the road by am youd be past baltimore by  probably even around holiday times from my experience there isnt much traffic before  or so but once you start getting later than that it increases at an almost comedic rate if you wait til late morning it will be an absolute shitshow
153,0.006121205631643534,0.9691442251205444,0.024734603241086006,NEU,we used to go to philly all the time to see friends for the weekend  if i couldnt be on the road by noon id just take the train up  traffic gets painful on i  plus unless you are staying in philly for the holiday you may get caught in crazy traffic leaving philly and coming home tooeta that would be getting on the road by noon on friday in case i wasnt clear
154,0.9132192134857178,0.08396607637405396,0.0028147241100668907,NEG,take  to  go up the bay bridge and up  in delaware youll get out by the christiana mall but give yourself a full five hours to get there
155,0.002426734659820795,0.19788368046283722,0.7996895909309387,POS,usually it takes  hours but the other day it took  hours due to accidents
156,0.674749493598938,0.3194078505039215,0.005842681508511305,NEG,i did today at  pm up  to nj and it was surprisingly fine somewhat heavier than usual for the first part until baltimore but like average  mph rather than  or higher that people normally goi know thats still a day before you but with wfh i do think it gets more spread out so you could be okayish
157,0.01974647119641304,0.9391144514083862,0.04113900288939476,NEU,so there are no patterns right
158,0.9156943559646606,0.08187001198530197,0.0024357077199965715,NEG,tuesday too oof
159,0.007156244944781065,0.028025342151522636,0.9648184180259705,POS,its not that important i can go on a different day not worth the  bucks but it does seem like a few people think it will be unworkable
160,0.012044264003634453,0.9442816376686096,0.04367411881685257,NEU,very helpful had no idea thanks
161,0.07624753564596176,0.9001781344413757,0.023574333637952805,NEU,you mean for thanksgiving weekend
162,0.019578931853175163,0.9358963370323181,0.044524677097797394,NEU,id rather just postpone at that point haha
163,0.9405643939971924,0.05635727569460869,0.0030783982947468758,NEG,leave early
164,0.012153212912380695,0.9194103479385376,0.06843643635511398,NEU,not that i know of i would think there will be more traffic than usual just due to the holiday but im not sure that it would be consistent enough to be called a pattern holiday travel is such a headache good luck
165,0.11234836280345917,0.7171275615692139,0.17052413523197174,NEU,fair i guess it depends on your tolerance for traffic id probably just bake in an extra  minutes for the drive worst case you are early and go get a cheesesteak or whatever folks do in philly to burn extra time
166,0.1894926130771637,0.7985826134681702,0.0119247455149889,NEU,as a future heads up if you know you have a trip in advance and book at the right time you can get an amtrak ticket from dc to philly for as low as the sucky part is that you have to time it right because the prices fluctuate  weeks out seems to be the right time frame
167,0.1938880831003189,0.7977989912033081,0.008312903344631195,NEU,no just a regular weekend traffic on  on a regular friday could be a bear even then extrapolating from that experience i think youll hit traffic going to philly and coming home tomorrow lots of people  in philly wilmington baltimore and dc will be on the road
168,0.001482234918512404,0.03420993685722351,0.9643077850341797,POS,i have a commitment in the mornig would have to have been there at  and couldnt leave earlier than 
169,0.6943643689155579,0.29676640033721924,0.008869247511029243,NEG,yeah thats a sweet deal im aware this only popped up a few days ago however
170,0.8472821116447449,0.14913220703601837,0.003585635684430599,NEG,because the council has effectively made it unnecessary to pay camera infractions the strategy is to to generate revenue by shotgunning out enough tickets that if even a tiny percentage of citizens are honest enough to pay their tickets the city still makes tons of money
171,0.4831729233264923,0.5042211413383484,0.012605922296643257,NEU,no of course it wont because dc doesnt have reciprocity with any other state so drivers from md and va who get  of dcs automated enforcement tickets are under no legal obligation to pay them add  cameras if you want it will just stack up more uncollectable tickets and a bunch more on dc residents
172,0.5001760721206665,0.4837111532688141,0.016112761572003365,NEG,the quoted sources about the lowest rate of traffic deaths is inaccurate their analysis says nothing about out of state drivers who frequent the district while we have roughly  vehicles registered in the district that nearly doubles when you account for commuters or others who drive into the district   as stated by others these cameras will only be worth while if we can enforce it
173,0.0045033348724246025,0.32383811473846436,0.6716585159301758,POS,to be honest you do need cams in some places but a lot of cams in dc are just there to make money for example the camera on k street i feel that one just wants to catch people and the cams on both dc and i like who puts speeding cameras on freeways they just trying to milk people imo but cams in high pedestrian areas make sense
174,0.6477691531181335,0.3374486267566681,0.014782218262553215,NEG,it will make the contractors who supply them rich
175,0.8486786484718323,0.14656628668308258,0.004755026660859585,NEG,all i know is traffic on th street actually goes the speed limit because of the expensive speeding camera tickets and it would be nice if traffic always went that slowly around pedestrians
176,0.9603325724601746,0.03697066381573677,0.00269670900888741,NEG,maybe they should focus on making the ones they have more effective for the md and va lunatics we have to share the road with
177,0.5957278609275818,0.39733055233955383,0.0069415816105902195,NEG,as a pedestrian who is almost run over by cars driving unsafely on a neardaily basis give me all the traffic enforcementpunishment you can
178,0.08234129846096039,0.4101884663105011,0.5074701905250549,POS,they cant tax you for speeding if you dont speed
179,0.5313210487365723,0.443408727645874,0.025270206853747368,NEG,thank you for posting this information i think the speed cameras in dc are excessively harsh and youve provided some good information to push back against them with our elected officials
180,0.11364639550447464,0.8326240181922913,0.05372956767678261,NEU, i drive i dont speed and i never get tickets  its not that difficult traffic is noticeably less aggressive in places where there are traffic cams there is nothing wrong with generating revenue from people who choose to put the rest of us at risk for their convenience
181,0.9555387496948242,0.041829489171504974,0.002631759038195014,NEG,no
182,0.9709987640380859,0.026797007769346237,0.002204210264608264,NEG,drug overdoses  homicide   traffic related deaths httpswwwcdcgovnchspressroomstatesdcdchtm
183,0.9109246730804443,0.0859561339020729,0.003119168570265174,NEG,unless they boot and impound the cars with outstanding tickets this wont do a damn thing  the idiots on the council just decided to let people with all of these fines renew their licenses
184,0.003949368372559547,0.8595723509788513,0.13647830486297607,NEU,this is highway robbery and indirect taxation in a disguise of rightousnous and safety
185,0.2866283655166626,0.7011891603469849,0.012182511389255524,NEU,if you instal a dash cam like garmin it will let you know the location of all the cameras httpswwwgarmincomenusphttpswwwgarmincomenusp
186,0.7481021285057068,0.24801312386989594,0.003884768346324563,NEG,they not only need more cameras but also to tie a license plate with a bank account so the fine can be automatically deducted from the checking account the only way enforcement works
187,0.7484509348869324,0.24683569371700287,0.0047134775668382645,NEG,the cams on wisconsin and connecticut are just taxes at this point
188,0.02589419297873974,0.9451395869255066,0.028966322541236877,NEU,someone is going through and downvoting all my comment responses even the very general ones maybe they hate my hypothesis which is fine just offer up a comment of why if youre gonna downvote
189,0.9658145308494568,0.03161986917257309,0.0025655950885266066,NEG,just slow down as the traffic cams show up on waze
190,0.9193499684333801,0.07718910276889801,0.0034608575515449047,NEG,if they could just pave the damn roads   worse than driving in iraq
191,0.6588021516799927,0.33501893281936646,0.006178923882544041,NEG,ive walked around a lot in dc and have never been close to being hit by an unsafe driver this feels like a completely made up problem
192,0.09148771315813065,0.1960405707359314,0.7124717235565186,POS,if you are a driver you know where speed cams are and you slow down in those areas then you know that speed cams do in fact get drivers to slow down the problem isnt that they dont work the problem is that they arent used to actually systematically change driver behavior they are just used to slow drivers down or generate revenue in a small number of targeted spots tripling cameras wont get there either but its a start  speeding cameras need to be everywhere they shouldnt be tripled there should be like  times as many you shouldnt be able to drive anywhere without passing multiple speed cameras then people will actually slow down especially if it is paired with real attempts to collect eg vastly expanded booting operations andor undoing the councils recent decision to let people with multiple outstanding speeding tickets keep renewing their licenses and registrationsi think this would help yes i also think it would help to actually transform the citys infrastructure to be much less carfriendly and if you do that you dont need the same sort of expansive enforcement regime but the status quo is unacceptable and we should do one or the other
193,0.8863545060157776,0.11049044877290726,0.003155027749016881,NEG,i cant wait to move out of this area
194,0.08111882954835892,0.8602004647254944,0.058680783957242966,NEU,no but it will cause more traffic because of people slowing down at one time  to avoid them
195,0.12656329572200775,0.828529953956604,0.044906795024871826,NEU,removed
196,0.8554056286811829,0.13979476690292358,0.004799669608473778,NEG,yes the cameras should also randomly move and be mobile if people thought a camera could literally be anywhere they would drive safer
197,0.9716649651527405,0.025005483999848366,0.0033295205794274807,NEG,short answer no  long answer no
198,0.2016042321920395,0.7619197964668274,0.03647604584693909,NEU,we also have some of the worst drivers in the country and they need to start using a lot more strategies to get it under control because our car insurance prices are insane ive been driving here since i was a teen and never gotten even one speed camera ticket it is possible to just drive the speed limit
199,0.9271895885467529,0.0696815475821495,0.0031289199832826853,NEG,we could get rid of the speed cameras if we made the reasonable choice to ban cars
200,0.04151211678981781,0.9371607899665833,0.021327024325728416,NEU,i think congress just likes having a set amount they can pull fromedit they let off way more fines for foreign diplomats and family members plus that wealth doesnt even spread around the areas evenly
201,0.9796580076217651,0.017221743240952492,0.0031203003600239754,NEG,maybe if they also enforced payment
202,0.9135359525680542,0.08382268995046616,0.0026413400191813707,NEG,i fucking hate it here speed cameras are there to take money from the poor not to make the city saferespecially when you see how many cars are repeat offenders who never pay their tickets anyways
203,0.3777434229850769,0.5740758180618286,0.04818073287606239,NEU,wont matter until dc hires more than  people to tow cars that have excess traffic violations and mdva also inforce fines
204,0.9690210819244385,0.02777739055454731,0.0032014891039580107,NEG,so traffic cams are a good safety tool i used to work in road safety  but putting them everywhere as a cash grab does not increase safety they seem to mostly put them where they can catch someone for the money
205,0.11364639550447464,0.8326240181922913,0.05372956767678261,NEU,well seeing as how drivers in this city very nearly run over pedestrians every day in the crosswalks i think cars really should slow the fuck down literally almost hit every fucking day by a driver making a rightonred turn the aggressiveness from dc drivers is unmatched in other cities of this size
206,0.7668597102165222,0.22752581536769867,0.005614410154521465,NEG,no
207,0.9778292179107666,0.01803598366677761,0.004134839400649071,NEG,if the cameras and such were ineffective no one would complain about new ones
208,0.8713178038597107,0.12606362998485565,0.0026185517199337482,NEG,council loves helping asshole and careless law breakers
209,0.5331377387046814,0.4592851996421814,0.0075771077536046505,NEG,   because the council has effectively made it unnecessary to pay camera infractionscan you expound on this please
210,0.45565658807754517,0.5382928252220154,0.006050607189536095,NEU,so does that mean you agree theyre not doing this to make it safer theyre doing this to make money
211,0.8357706069946289,0.16073641180992126,0.003493032418191433,NEG,this i was in a rideshare the other day and when i told the driver of a speed camera coming up the driver said it wasnt a big deal as they had md plates then mentioned he had over  in speeding tickets all minor infractions because there is no reciprocity and therefore nothing compelling him to pay
212,0.0789068415760994,0.9105215072631836,0.010571721941232681,NEU,well ya until they get booted in dc  this sub has been filled with pictures of people getting booted lately i assumed dc was upping their game in that regard    if not though then all youre doing is ticketing actual dc residence
213,0.9729384183883667,0.02448534034192562,0.002576221013441682,NEG,or the military road camera at the bottom of the hill instead of at the top where the school actually is
214,0.4811096787452698,0.5135576725006104,0.0053327190689742565,NEU,k street cam is such a joke no pedestrians are even allowed down there
215,0.022529443725943565,0.9330744743347168,0.04439612105488777,NEU,they dont get the money it goes towards the general fund
216,0.12599867582321167,0.8586496710777283,0.015351695008575916,NEU,can you elaborate
217,0.9764747023582458,0.02080780640244484,0.0027174849528819323,NEG,im just wondering if tripling the cameras will actually make things safer
218,0.9484302997589111,0.0489167794585228,0.002652907045558095,NEG,traffic enforcement is racist how many traffic stops end in a deadly result look at what happened in akron another innocent man dead because of what speeding look at the stats far more people die from traffic enforcement than pedestrians getting hit
219,0.698327362537384,0.2961098253726959,0.005562784615904093,NEG,this is mostly true but god forbid you go mph on connecticut ave at am i drove that everyday for a reverse commute and over two years got two tickets each for  in a  how can an empty  lane road be mph its a shameless money grab
220,0.010842390358448029,0.894068717956543,0.0950888842344284,NEU,but they can put a camera on every street corner and justify it in the name of public safety like they do in china
221,0.544562578201294,0.43681710958480835,0.018620330840349197,NEG,american as apple pie
222,0.8866998553276062,0.10988299548625946,0.0034171356819570065,NEG,im all for traffic safety i didnt have a car for almost  years living in dc i bike a ton around the city and walk a lot as well i cant even tell you the number of times ive seen people blow through red lightsbut that all being said i think the traffic camera system is problematicnfor several reasons the revenue goes to the general fund rather than improvemenrs to traffic infrastucuture sure some of it maybe  is spent on traffic safety improvements but if it were really about traffic safety theyd be spending a lot more  md and va drivers face no consequences for getting tickets and theyre the vast majority of reckless drivers theyre indiscriminate ive received  for going  in a  at am in an area with wide roads and no one on the streets at all seems excessively punitive to me
223,0.00444275327026844,0.12190814316272736,0.8736490607261658,POS,i dont speed either im a very careful driver but still get  tickets a year for  each and almost every time its mph in a  i couldnt hit that every time if i tried so i think some fuckery is going on but some are my fault as a momentary loss in focus and also because the speed limits go from  across the city and some cams are at the bottom of steep hills or the one on kenilworth that is right next to the highway onoff ramps around schools and pedestrian walkways these are fine but most are set up to make money not safety this is definitely one reason im looking forward to leaving this city
224,0.02476932853460312,0.9565927982330322,0.0186378862708807,NEU,succinct and true
225,0.026463162153959274,0.7797712087631226,0.19376562535762787,NEU,these stats are from 
226,0.11575344949960709,0.255127489566803,0.6291190385818481,POS,thank you for actual stats
227,0.7532495856285095,0.23797424137592316,0.008776180446147919,NEG,ok this is pretty epic i love when leaders ignore big problems to increase tax revenues in areas not really seen as a problem go politics
228,0.9711625576019287,0.02644769474864006,0.0023897839710116386,NEG,ya but thats not really the point why isnt the gov focusing on things that actually make it safer intead of things that make them more money   i used waze i just drove across  states and didnt hear one traffic cam ahead until i hit the dmv  then it happened every  minutes it was like a joke from a sitcom
229,0.7678221464157104,0.22631844878196716,0.00585941830649972,NEG,people probably dislike your shitty post because dcs streets are dangerous and all you have to do to avoid a speeding ticket if to drive at the posted speed limit
230,0.8490226864814758,0.14725099503993988,0.0037262721452862024,NEG,have an upvote i agree that more cameras are just another way to tax residents and not tackle larger issues
231,0.1272876113653183,0.8626117706298828,0.010100631974637508,NEU,thats because this subreddit is anti car regardless of the argument
232,0.06089667230844498,0.8522815108299255,0.08682184666395187,NEU,i heard mass ave is just  to  years from being fimished
233,0.0038868370465934277,0.20497605204582214,0.7911370992660522,POS,same
234,0.2941800057888031,0.6771124005317688,0.02870759554207325,NEU,i agree
235,0.07727348804473877,0.9055788516998291,0.01714763045310974,NEU,probably more effective to put speed bumps everywhere  out cut outs in the bumps for buses people might get so sick of the bumps they start to take the bus and metro instead
236,0.015006580390036106,0.47899511456489563,0.5059982538223267,POS,the average driver spends  hours a year in traffic in dc its  hours a yearhttpswwwgilmanbedigiancomcarcrashfactsstatisticsindc
237,0.07161670923233032,0.8567065000534058,0.07167673856019974,NEU,hahahaha
238,0.5120804309844971,0.47803646326065063,0.009883121587336063,NEG,huh
239,0.139677956700325,0.7796993255615234,0.08062274008989334,NEU,i always pay them even though i live in md i know that one day it will come back to haunt me if i dont take care of it
240,0.9262058138847351,0.07132158428430557,0.0024725438561290503,NEG,depends on what you mean by effective  does effective mean making the roads safer or does effective mean making more money for the gov
241,0.14661942422389984,0.7987157702445984,0.05466480180621147,NEU,there are no repercussions for not paying traffic camera tickets again the average law abiding citizen is negatively affected by current city council policies
242,0.44686785340309143,0.5354053974151611,0.017726706340909004,NEU,yeah  in dcs case its definitely revenue generating which is a shame because theres good data showing that if implemented correctly passive enforcement can reduce accidents and unsafe driving however this requires judicious placement of cameras and an actual enforcement mechanism for repeat offendersdc places their cameras where theyre likely to catch people speeding not necessarily in spots where enforcement is really needed  for example near my house theres a camera at the bottom of a hill on a four lane thoroughfare that is technically residential because there are some houses on it the design of the street encourages people to drive above the posted speed limit and the placement of the camera at the bottom of a steep slope makes it all the more likely that people will be going above speed when they pass the camera   theres another camera on an access road on  that for some inexplicable reason is mph but the speed markings are extremely unclear again the design of the road encourages speeding and its not really in an area where enforcement is badly needed  both of these cameras feel like traps im sure they generate tons of revenue for the city but theyre not near pedestrian heavy areas of schools or the likecouple this with the lack of enforcement  no reciprocity with md or va no requirement to pay violations to renew your license not collections for over due tickets barely any booting or towing  and theres virtually no incentive to pay attention to cameras sure  maaaaybe youll get towed but its pretty unlikely people regularly wrack up k worth of tickets and face no consequences like i said it feels like the city is playing a numbers game blast out tons of tickets and if even a small percentage pay up its big money but the people that pay arent the regular repeat offenders
243,0.5835378170013428,0.4090201258659363,0.007442072033882141,NEG,not op but yes that was always the plan with speed cameras if the city really cared they would make changes to roadways like narrowing them creating bump outs more speed humps creating pedonly streets etc speed cameras are purely a band aid and the preferred band aid at that because the city can line its pockets whilst signing off on multi million dollar contracts with the camera installation and maintenance companies
244,0.1259436011314392,0.8647919297218323,0.009264538064599037,NEU,minor infractions are their words because you dont get a ticket unless youre going mph over the speed limit
245,0.7546186447143555,0.2330315262079239,0.012349800206720829,NEG,there are  outstanding tickets from md and va there are  bootable vehicles from those two states and dc has  boot crews who have been getting about  a day but some of them are dc residents too the number of people they are getting is a rounding error
246,0.9730281233787537,0.024158921092748642,0.0028130202554166317,NEG,i know right plus youre naturally going faster because of that little decline in the road just a absolute joke
247,0.03367443010210991,0.9443529844284058,0.021972646936774254,NEU,how are people this stupid theres pedestrians on either end of the tunnel the excuses you people make to speed with impunity are incredible
248,0.6236878037452698,0.3705882728099823,0.005723900161683559,NEG,they get the money to install them
249,0.35058048367500305,0.6361295580863953,0.013289953581988811,NEU,according to this md and va drivershttpswwwwusacomarticlenewsverifysomestatesdonotpunishtheirdriversforoutofstateinfractionsffccbfccedfbdf are practically exempt from camerabased tickets im guessing op means that this lack of enforcement makes them more likely to ignore red lights and speed limits	by now you probably heard about the loophole where drivers from maryland and virginia dont have to pay penalties from speed and redlight cameras in dc it is because the three areas havent come to a reciprocity deal
250,0.026330582797527313,0.6099214553833008,0.3637479245662689,NEU,ujamesda beat me to it i also think they should have a bounty system where the booting team can crowd source leads on the locations of cars with the highest amount of unpaid tickets so they can prioritize the most flagrant offenders
251,0.20702554285526276,0.6487087607383728,0.14426566660404205,NEU,i see cars driving slower around speeding cameras at slower speeds collisions become less deadly seems pretty conclusive to me
252,0.6876707673072815,0.30781593918800354,0.004513292573392391,NEG,no its a money grab thats what mrs bowser is good at her personal wealth went from m to m in her first term guess her reelection made her wonder how she could do that for the district which i guess is a step in the right direction but also bandaids for all
253,0.7323415279388428,0.2610757350921631,0.006582772359251976,NEG,one argument for cameras is that they penalize speeding without police interactions
254,0.967708945274353,0.029663827270269394,0.002627209760248661,NEG,can we consider connecticut avenue i live on connecticut avenue very close to where some fellow who shouldnt have been driving lost control of his suv and killed two women trying to have lunch on an unseasonably warm winter day but connecticut avenue a six lane road which primarily passes apartments condominiums and small commercial strips which is often clogged with personal commercial traffic including many delivery vehicles small and giant and transit buses which features signaled and nonsignaled intersections and crosswalks every few hundred feet and goodness i even forgot the bicyclists and all the construction projects i dont know thirty miles per hour seems reasonable would you be happier if the camera didnt kick in until you were doing   like where do you draw the line at what a reasonable speed would be what if the reasonable speed is  miles an hour but what happens to a speeding car on connecticut ave if hypothetically the driver loses control at  mph and goes flying into a restaurant or a ground level apartment or condo and what would have happened if that same driver was only doing  mph or  doing some math  assuming you drove this commute five times a week for  weeks out of the year took out  for vacation holidays etc rounded up that means your ticket avoidance rate is  sounds pretty good
255,0.08230916410684586,0.9052097797393799,0.01248099748045206,NEU,do you ever walk with children bike or do stuff outside of a car in dcspeeding is a terror it killsmaims people and its got to stop
256,0.011998373083770275,0.8737547993659973,0.11424678564071655,NEU,theres already cameras on most street corners in this city
257,0.9314588904380798,0.06575001031160355,0.0027910619974136353,NEG,want some cheese with all the whine
258,0.6668070554733276,0.32585909962654114,0.00733390124514699,NEG,we live in a city  there is never no one on the streets  the fine is supposed to be punitive its literally a punishment
259,0.8289966583251953,0.16383476555347443,0.0071685644797980785,NEG,are you proposing we increase speed limits at night despite there being significantly lower visibility and more intoxicated drivers
260,0.8417940139770508,0.15384377539157867,0.004362249281257391,NEG,i dont speed either im a very careful driverokbut still get  tickets a year for  eachhmmm yesand almost every time its mph in a sir that is speeding
261,0.6810427904129028,0.30792734026908875,0.011029846034944057,NEG,all these downvotes are we the only people that dont like the cameras and think money could be allocated to things that actually make a difference
262,0.002019347622990608,0.068300761282444,0.9296799302101135,POS,please dont feel insecure about your opinion and think you need to hurl insults to get it across let it stand on its own youve got some great points  i think youre ignoring the point of the post though  its not about getting out of speeding tickets its about how dc has the most speeding cameras and the most fines of any city by your own admission the streets are still dangerous so why are we tripling the number of cameras  if like you say the streets arent any safer then why are our elected officials focusing on something that doesnt make the streets safer
263,0.044167160987854004,0.7434240579605103,0.21240876615047455,NEU,awe thanks  back to  on the post
264,0.07216360419988632,0.8650956749916077,0.06274064630270004,NEU,your link also says dc has much fewer traffic deaths than our neighbors
265,0.18631301820278168,0.806430995464325,0.007255992852151394,NEU,whut
266,0.9699601531028748,0.02764492854475975,0.002394887851551175,NEG,so if a dc resident ignores tickets from cameras there are zero repercussions  im just making sure i understand this correctly
267,0.9175528883934021,0.07972463220357895,0.0027224409859627485,NEG,thats the part i dont like people with k much less k in speeding tickets have no business driving they need to get tougher on the recklessness and not just let up all the time when people are irresponsible
268,0.9370861649513245,0.06064840778708458,0.0022654884960502386,NEG,likely to catch people speeding literally means likely to catch people breaking the law
269,0.10824336856603622,0.8608059883117676,0.030950631946325302,NEU,the boots are use for parking violationsred light and speed camera violations have no teeth as there is no assessment of points on driving records the reason why is because camera violations are issued to vehicle registration tag and not to drivers license
270,0.3101358413696289,0.6435522437095642,0.04631201550364494,NEU,cars have brakes
271,0.9751569032669067,0.02232646569609642,0.002516590291634202,NEG,deleted
272,0.337245374917984,0.6491823792457581,0.013572219759225845,NEU,you have to drive dangerously slow to avoid this camera in addition to your comment being very dumb it also comes off rude as fuck
273,0.7641487121582031,0.23043282330036163,0.005418506450951099,NEG,oh ya i figured they were closing that loophole by adding a lot more dc enforcement ive been seeing all the posts where drivers are getting booted in dc
274,0.944293200969696,0.053386248648166656,0.0023204986937344074,NEG,but im talking about connecticut ave where the cameras are well north of friendship heights between the circle and east west highway theres literally zero foot traffic one school that has a crossing guard and a traffic light and lets be honest these are che y chase kids who do not walk to school there are few intersections is a straight line its empty yet has a speed camera  its a shameless money grab almost as bad as the military road camera by st johnsedit i guess my real gripe isnt the speed camera its the speed limit  is too slow for a road that was built for  but by using a camera you actually get enforcement of an arbitrary speed limit the road must be altered to match the speed limit before punishing people for traveling a safe speed that is higher than the posted number
275,0.962180495262146,0.03368080407381058,0.004138787742704153,NEG,until they address the bikeratv gangs that dont even stop for red lights i think they have bigger issues to deal with
276,0.22197623550891876,0.763058602809906,0.014965075999498367,NEU,ah ok thanks for letting me know its not worth conversing with you constructively
277,0.8443373441696167,0.13425923883914948,0.021403426304459572,NEG,its silly to say there is never no one on the streets do you sincerely believe theres people or cars out on every street at every hour this isnt nyc ive driven  miles in the last  months mostly in dc at all hours snd biked thousands of miles around the city at all hours i have a pretty good sense of the traffic patterns theres often totally empty streets in the middle of the night on weeknights especially in more residential areasand i get that its meant to be punitive but there could still be some scale like a warning for st offense  for lower speeds higher fines for running reds etcno one is at risk from me going  down th street at am on a tuesday
278,0.695371687412262,0.26838111877441406,0.036247190088033676,NEG,yes people love paying more money to their governments for less results its actually a crazy psychological phenomena
279,0.008523417636752129,0.2936123013496399,0.6978642344474792,POS,yeah i have great points because you dont have any dc doesnt have ticket reciprocity for automated enforcement so most of the tickets it issues are irrelevant again people like you are mad youre required to go the speed limit thats the only thing youre upset about
280,0.2612643241882324,0.7305276989936829,0.008207889273762703,NEU,yes correct
281,0.6116703152656555,0.38370198011398315,0.0046277581714093685,NEG,what does congress have to do with it
282,0.2746690511703491,0.7059264183044434,0.0194045789539814,NEU,under the law that was just passed i dont think it has been signed by the mayor yet you can still renew your license if you have unpaid tickets i think the only potential penalty is your car being booted
283,0.9503270387649536,0.04693631827831268,0.0027366923168301582,NEG,technically you could be booted and towed if you owe above a certain amount however the towing team is small and its pretty uncommon that people even people with k worth of tickets get towedbut the city wont send delinquents to collections theres no points system and you can renew your license even if youve got lots of unpaid tickets
284,0.9100809097290039,0.0869365781545639,0.0029824511148035526,NEG,id honestly be ok with the law if it were limited to nonmoving violations buuuut its not because its easier to pander to idiots that dont want to pay speeding tickets than it is to worry about people dying on the road way
285,0.28848567605018616,0.6941782832145691,0.017336037009954453,NEU,if all you care about is enforcement of the law then sure  creating silly speed traps that catch people that are technically in violation of the law is great id argue that a four lane mph residential thoroughfare is a fundamentally flawed concept that a speeding camera cant possibly fix id also argue than an service road with dog shit signage that forces people exiting the highway to slow from mph to mph in  feet is similarly flawed and wont be fixed by a traffic camera furthermore neither of these areas are particularly dangerous trafficwise so id question what problem the city is even trying to address by placing cameras therecouple this with the fact that there are areas that automated enforcement could actually make safer near parks schools pedestrianbike thoroughfares etc but they arent targeted by the city for enforcement because they probably wouldnt generate a huge number of tickets
286,0.08111882954835892,0.8602004647254944,0.058680783957242966,NEU,really i didnt
287,0.9690102934837341,0.028391776606440544,0.0025979585479944944,NEG,removed
288,0.9519886374473572,0.04488113895058632,0.003130111610516906,NEG,yeah imagine the audacity of the city to make drivers travel at  mph in a dense urban area just before encountering multiple crosswalks can you believe they dont just let selfish assholes like you bomb through the neighborhood with total disregard for pedestrian safety
289,0.3671460449695587,0.623929500579834,0.008924401365220547,NEU,wtf is dangerously slow when its the posted speed limit
290,0.9741278886795044,0.023678621277213097,0.0021934763062745333,NEG,maybe im confused isnt that maryland
291,0.892349123954773,0.10268997400999069,0.004960956517606974,NEG,that you are not capable of constructive conversation was communicated with your nonsense about in the name of public safety like they do in china same reason why people ranting about militant cyclists and wars on cars drivers or both arent worth my time
292,0.9500977993011475,0.04751769080758095,0.002384577179327607,NEG,i can see that youre one of those people who dont like to engage in conversation so ill oblige you
293,0.4773147404193878,0.5129321217536926,0.009753147140145302,NEU,there are cameras which have ridiculously low speeds which create extremely dangerous conditions you get half the drivers going  to avoid the ticket on a road where the appropriate speed is probably  and the other half going what should be the posted speed limit and it creates danger for all involved if it was about safety they wouldnt use cameras which create danger its about money so people are justifiably upset
294,0.008683968335390091,0.3061522841453552,0.6851637959480286,POS,diplomatic immunity and just forgiving politicians is a big reason they keep over taxing people who live and work in dc imo to recoup a ton of lost funds they will never get back from places like russiaalso when dc council and mayor decide the budget it has to then go to both potus and congress they can decide what they think is best these two things together i think make it where the city is always thinking of adding to the budget because it helps  they come down on the residents because so many others are skating costs but roads gotta be paved
295,0.9617525935173035,0.035392314195632935,0.0028551374562084675,NEG,gotcha  thanks
296,0.08111882954835892,0.8602004647254944,0.058680783957242966,NEU,weve all gotten confused in parking tickets but people drive like maniacs and then have the nerve to complain when insurance i our area is high
297,0.8713738322257996,0.12527582049369812,0.0033503042068332434,NEG,removed
298,0.004797164350748062,0.8229624032974243,0.1722404658794403,NEU,yeah this cam is on an expressway where no pedestrians are allowed if they want to put speeding cams near the pedestrian areas go for it but putting them on highways where the safe speed is above the posted speed limit they are knowingly creating dangerous conditions
299,0.0033951052464544773,0.9388560056686401,0.05774889141321182,NEU,great question this is what a large body of traffic science revolves around there is a very popular idea in traffic science called the th percentile rule to use someone elses words the institute of transportation engineers defines this as the speed at or below which  percent of vehicles travel in other words the speed limit on these roads would be set at a freeflowing traffic speed at which only around  percent of typical drivers would exceed and violate much of this theory is based on multiple studies which show that basically the majority of drivers will drive at a speed they feel most comfortablesafe at regardless of the posted speed limit  google scholar can be weird with links but there should be about  related studies if you swipe to the right httpsscholargooglecomscholarhlenassdtcqdriveatspeedsregardlessoflimitsbtngdgsqabstupdksffbemjhuej  so if the posted speed limit is way lower than what the average driver would feel is the ideal safe speeds conditions are created where there are large disparaties in speed and these disparities are what often lead to accidents and pedestrian deaths this is a very exaggerated example but imagine if we switched the speed limit on  to mph or a larger road like constitution ave nw to mph it may seem to some that this would make things safer in reality you would have most cars driving at the actual safest cruising speed and a few others going way slower essentially creating the formula for a crash so in short its more that the posted speed limit itself is dangerously slow here is a really good op ed which explains it better than i lolhttpsreasonorgcommentarydolowerspeedlimitsmakeroadwayssafer
300,0.976207435131073,0.02057175524532795,0.0032208363991230726,NEG,the  makes sense to me from chevy chase circle north until whenever the lanes widen which i think is eastwest or maybe a bit south of that i think they start widening out around the golf course and the road itself opens up to mph around the fire station or not far past it i think i thought you were talking about ct ave in dc proper
301,0.959111750125885,0.03834626078605652,0.0025419844314455986,NEG,if you wanna hurl insults then its obvious you dont want a constructive conversation dont be angry that i dont want to waste my time when im making genuine points and youre playing elementary school games i dont have time for you anymore not even in my leisure reddit time
302,0.08111882954835892,0.8602004647254944,0.058680783957242966,NEU,youre so wrong its actually laughable if the streets arent safe and we already have the most cameras then we need to have more because they obviously havent started working yet forget about those who dont pay or dont have tagsdrive illegal vehicles make the law abiders pay more epic
303,0.35489773750305176,0.6358903050422668,0.009211970493197441,NEU,removed
304,0.18881866335868835,0.6964238882064819,0.11475744843482971,NEU,the camera on k st is not a highway maybe you think it is but it isnt
305,0.8835777640342712,0.11169984936714172,0.004722354467958212,NEG,yeah ive read those none of them indicate driving the posted speed limit is dangerous unless youre saying  of people speed there in which just isnt true and is easily addressablealso great quoting a libertarian think tank op ed which quotes the automotive lobby
306,0.005332247819751501,0.9747604131698608,0.019907396286725998,NEU,okay dude just remember when you speed youre giving yourself traffic tickets cry about china all you want
307,0.8368148803710938,0.15887422859668732,0.0043108188547194,NEG,were talking about the one that is on the whitehurst freeway towards the k st exit right
308,0.5677409172058105,0.4165946841239929,0.01566438004374504,NEG,yeah no one is saying that driving the speed limit is inherently dangerous  were saying that having speed limits well below the design limits of a streetroad is inherently dangerous in a perfect world people would never exceed the limit even if its a dangerously slow limit but basing traffic policy on the logic that everyone will follow the rules and no one has ever and will ever exceed a speed limit is not just dumb but also encourages more pedestrian deaths and in my opinion more pedestrian deathsaccidents is bad so we should encourage policy which limits pedestrian deaths instead of increasing it it was determined that speed variance will approach minimum values if the posted speed limit is between  and  mph lower than the design speed outside this range speed variance increases with an increasing difference between the design speed and the posted speed limit it was also found that drivers tend to drive at increasing speeds as the roadway geometric characteristics improve regardless of the posted speed limit and that accident rates do not necessarily increase with an increase in average speed but do increase with an increase in speed variance
309,0.029015202075242996,0.950252890586853,0.020732032135128975,NEU,i think you just want the last word
310,0.18839789927005768,0.775513231754303,0.03608890250325203,NEU,yes its literally in front of a crosswalk
311,0.9536828994750977,0.04078738018870354,0.00552973011508584,NEG,if youre worried about people driving faster than the speed limit you can add a traffic slowing feature like i dont know a speed camera i joke but thats what they are there for you can also use road features like speed bumps and the like taking a libertarian think tank and the automotive lobbys advice on the matter is probably not a great idea though
312,0.011928259395062923,0.6540025472640991,0.3340691328048706,NEU,you son of a bitch your psychological warfare worked and im back
313,0.9678112864494324,0.029477298259735107,0.002711407607421279,NEG,get it son
314,0.8632133603096008,0.13178148865699768,0.00500518037006259,NEG,not everyone has the luxury to drive a brand new well maintained car that pos car may be their only mode of transportation they were also probably on their way to a shit job in the district what frustrates me are the super speeders and reckless drivers that cause accidents
315,0.3101358413696289,0.6435522437095642,0.04631201550364494,NEU,you arent in traffic you are traffic you have plenty of alternatives metro marc vre commuter bus because you arent taking these you are contributing to the very problem you are complaining about take responsibility for your own actions
316,0.7573691010475159,0.23747149109840393,0.005159464199095964,NEG,deleted
317,0.12089206278324127,0.7964438199996948,0.08266420662403107,NEU,i think its been difficult for a variety of reasons for people to do necessary routine maintenance on their cars recently be it financial reasons or just supply chain issues i think people have been forgoing maintenance i know youre having a frustrating morning but just something to keep in mind
318,0.7709007859230042,0.22329320013523102,0.00580599857494235,NEG,this must be satire  well played op
319,0.17585305869579315,0.7960861325263977,0.02806083858013153,NEU,infrastructure of roads and highways is whats causing the traffic dc was not built to handle it so here we are this is why i take vremetro now but not everyone has that option
320,0.9311693906784058,0.06528961658477783,0.0035410255659371614,NEG,i am the traffic
321,0.956063449382782,0.04001595452427864,0.003920622169971466,NEG,how about you start by not being part of the problem  take public transportation instead of driving and creating traffic yourself we look forward to your public transportation rant next and the woes of those poors on it having already heard the woes of the car driving traffic creating poors
322,0.959872305393219,0.037735357880592346,0.0023924370761960745,NEG,the reliance on cars is so sad
323,0.04752727597951889,0.9380564093589783,0.014416234567761421,NEU,i blame the highway layout and city design more than people so much of traffic is caused by shitty merging areas few major roads etc it sometimes feels like dc has not evolved properly like other major us cities to allow for an increase in drivers and traffic there are definitely some bad drivers here but i ultimately think its a layout problem that will be never be solved until they figure out how to efficiently redirect most cross city traffic
324,0.9249857664108276,0.07004893571138382,0.004965315107256174,NEG,whos gonna tell them 
325,0.7359809875488281,0.2529027462005615,0.011116335168480873,NEG,shitty cars on  are the least of the traffic problems in dc was on a bike for fun i sat at th and mass yesterday during afternoon rush hour eastbound mass traffic did a full block the box three light cycles in a row thought people were going to start shooting lol
326,0.9469156265258789,0.050808705389499664,0.0022756834514439106,NEG,pretty sure there is some decent research showing driving slower than other traffic causes more accidents than speeding interestingly enough it causes excesses braking lane changes and exacerbated aggressive actions by other drivers
327,0.5857873558998108,0.4043594002723694,0.009853250347077847,NEG,nobody says it has to be brand new but if you know your car has issues dont drive it on a major effing highway and if you do and it breaks down there needs to be some accountability especially if the law is to move over for every stalled vehicle now its ridiculous
328,0.852672278881073,0.140123650431633,0.007204013876616955,NEG,i wouldnt have a problem if all these other people werent on the road
329,0.9157392382621765,0.08102872222661972,0.0032320439349859953,NEG,i have taken the marc and metro many times and each time i was late for work because of delays it also is a  plus hour commute using those methods where as driving is not lmao at commuter bus you clearly have no idea what youre talking about
330,0.9774739146232605,0.019786998629570007,0.0027390215545892715,NEG,hey i chose to live in the burbs during covid and now its inconvenient i blame everyone else but me
331,0.9693622589111328,0.028119076043367386,0.0025186575949192047,NEG,dont pin this on dc this is simply peak selfentitled asshole
332,0.8481938242912292,0.1481822282075882,0.003623957047238946,NEG,again nobody said brand new the stupidity in these responses is crazy lol who said anything about lower class such a dc liberal response so youre fine with people driving around  lb death machines that are not maintained because theyre poor makes zero sense
333,0.11076904088258743,0.8726944923400879,0.016536494717001915,NEU, it sometimes feels like dc has not evolved properly like other major us cities to allow for an increase in drivers and trafficmany of us would not consider that to be a form of evolution the contrary really
334,0.9252055287361145,0.07168972492218018,0.0031047475058585405,NEG,sure but driving slower than other traffic here means at least  when the speed limit is  so should we all drive  mph or
335,0.9282823204994202,0.06835656613111496,0.0033610586542636156,NEG,it causes excessive breaking because the people stopping are breaking the law id rather have everyone go slower than the positive feedback loop that is the beltway
336,0.024738023057579994,0.9606565833091736,0.014605382457375526,NEU,i really wish we had advanced highway system and cars where in order to get entry your car passes a sensor that reports if there are major faults the car then gets blocked from entering road and diverted part of the issue is that yearly safety inspections have been done away with due to costs and liberal whining that it creates a financial burden on the poor
337,0.05574234202504158,0.9270820021629333,0.017175646498799324,NEU,except i mentioned specific drivers
338,0.8741641044616699,0.11943382024765015,0.006402031984180212,NEG,leave earlier why dont you
339,0.8280563354492188,0.1658976972103119,0.006046005059033632,NEG,not my fault you made poor choices
340,0.9214024543762207,0.07424632459878922,0.004351298790425062,NEG,lol except i said in the op that i didnt choose to live out of dc unlike your privileged ass i cant afford to live in the city
341,0.3101358413696289,0.6435522437095642,0.04631201550364494,NEU,lol entitled because i think people who break down or get into accidents need to be held accountable for everyone else have to waste time and gas ok green girl well just keep pretending like you riding a bike to work and using soy bags for your groceries actually helps deal with climate change eh definition of peak dc asshole there
342,0.01791083626449108,0.36090224981307983,0.6211869716644287,POS,deleted
343,0.20220723748207092,0.786479651927948,0.011313140392303467,NEU,yes it would be better if cities evolved to have better clean transit bikingwalking ease and overall better mobility but since cars still exist it would definitely be a form of evolution to figure out the most efficient way to get drivers around while also reducing serious accidentsenvironmental pollution caused by idling in traffic
344,0.9252181649208069,0.07146326452493668,0.003318500705063343,NEG,i dont believe i said that but statistically speaking the opposite of what this person claims is actually true ideally everyone would be driving roughly the same speed regardless of what that was
345,0.9119032621383667,0.08559935539960861,0.0024974688421934843,NEG,they are struggling to even expand highways in md i doubt something like that would ever be possible va has the right idea with just making everything toll roads just need congestion pricing in dc proper and the people who cant afford to break down on the road will think twice about driving
346,0.9179165363311768,0.07919580489397049,0.002887698356062174,NEG,no you mentioned people getting into accidents out of their control unless speedingdriving recklessly and people breaking down also out of their control so what behavior are you asking people to change
347,0.9597434401512146,0.037330903112888336,0.0029255894478410482,NEG,have you driven in the area there is traffic at any time if its not idiots getting into accidents there will be construction or litter clean up or xyz
348,0.008605746552348137,0.9433239102363586,0.048070278018713,NEU,lmao poor choices like having a family and needing more than a one bedroom apartment in dc for k a month yeah poor choice
349,0.03313221037387848,0.9465510249137878,0.020316721871495247,NEU,all of the rich people and leadership at every white collar job ive had in dc live in nova or maryland and drive into the  a day parking garageanecdotally my coworkers in midmanagement and below all take transit a lot of vre and marc riders but a few bus and metro folks tooyou do get a pretax benefitsubsidythe door folks cleaners and maintenance workers in my building almost all take bus or metro or carpool with familyoutside of the lead maintenance guy with a work truck
350,0.9348182082176208,0.06176844611763954,0.0034133445005863905,NEG,theres plenty of folks living in dc at all price points
351,0.6186437606811523,0.37242311239242554,0.00893314927816391,NEG,i said nothing about lower class pos cars does not imply lower class you elitist it implies people who dont maintain their car and knowingly drive it on a major highway dipshit i didnt call you a liberal i said your response was also please show me where i was shitting all over the marc learn to read better youre clearly triggered by my comments not sure why are you actually a snowflake yourself
352,0.23255886137485504,0.7579452991485596,0.009495812468230724,NEU,um theres a reason why walkable and annoying to drive in almost always go in hand
353,0.013841685838997364,0.9196786880493164,0.06647970527410507,NEU,those are specific drivers im not sure what youre trying to refute here the definition of specific lol
354,0.11588122695684433,0.8621881008148193,0.021930698305368423,NEU,lmao i meant leave earlier when taking public transportation
355,0.6958673596382141,0.2925579845905304,0.011574655771255493,NEG,weird i bought a br house in dc and my monthly payment is way less than that you made your choices
356,0.002091719303280115,0.09726099669933319,0.9006472826004028,POS,find a job closer to home or a remote job  wont have to deal with traffic again
357,0.3101358413696289,0.6435522437095642,0.04631201550364494,NEU,because dc is well known for its affordable and abundant housing lol
358,0.3101358413696289,0.6435522437095642,0.04631201550364494,NEU,deleted
359,0.2598520815372467,0.7154398560523987,0.02470807358622551,NEU,deleted
360,0.8907449841499329,0.10627581179141998,0.0029792345594614744,NEG,i think you can do both i dont think the solution to transportation is to eliminate all accessible roads for cars and revert back to walking places
361,0.8600724935531616,0.13350872695446014,0.006418817210942507,NEG,leave earlier to do what hang out at my job and not get paid is this how people really think
362,0.56411212682724,0.40537890791893005,0.03050890564918518,NEG,im calling bs unless you live in the hood in which case youre comparing apples to oranges i guess its too much to ask to want an affordable place thats safe and near good schools nowadays
363,0.7535228729248047,0.21702264249324799,0.029454411938786507,NEG,yeah its that easy dude leave a job youve been at for  years and find a new one closer to you talk about privilege
364,0.9288349151611328,0.06649469584226608,0.004670456983149052,NEG,tldr all i got from the comments is that surprise a thread about how shitty dc traffic is for commuters isnt well received by people who live on dc what a shock the interesting thing is how quick people in dc are to stereotype bad car automatically  poor got it lol
365,0.5370350480079651,0.44978615641593933,0.013178877532482147,NEG,youve obviously never driven here and it shows lol
366,0.3101358413696289,0.6435522437095642,0.04631201550364494,NEU,no ones suggesting that but so far weve built dc to accommodate cars more than people and the solution isnt to do that even more
367,0.16299015283584595,0.799257755279541,0.037752099335193634,NEU,deleted
368,0.08111882954835892,0.8602004647254944,0.058680783957242966,NEU,like i said you made your choices just because youre privileged and think youre too good to live somewhere doesnt mean we should go out of our way to accommodate those choices
369,0.08111882954835892,0.8602004647254944,0.058680783957242966,NEU,removed
370,0.08111882954835892,0.8602004647254944,0.058680783957242966,NEU,removed
371,0.08111882954835892,0.8602004647254944,0.058680783957242966,NEU,removed
372,0.08111882954835892,0.8602004647254944,0.058680783957242966,NEU,removed
373,0.7992336750030518,0.19511550664901733,0.005650851875543594,NEG,removed
374,0.9665206670761108,0.0305324699729681,0.0029468697030097246,NEG,if i were you take the metroamtrak to dc public transportation uberlyft is the worstcase scenario traffic hasnt changed much imo the only way driving to dc makes sense to me is if you have someone else dropping you off or carsitting as you go do your thing lol
375,0.9004247188568115,0.0938086062669754,0.005766698159277439,NEG,i would not arrive during rush hour am or so and pm or so  its not as bad as it was prepandemic but its definitely getting worse and worse
376,0.948448657989502,0.048673637211322784,0.002877650549635291,NEG,you dont need a car in dc metro and lyft and scootersbicycles are all you needthe interstate corridor between richmond and dc is  a traffic catastrophe
377,0.9727152585983276,0.023643461987376213,0.0036412295885384083,NEG,metro ridership is still way down but car traffic is almost as bad as it was before the pandemic   easily  plus of rush hour traffic is maryland and virginia plates
378,0.21723341941833496,0.7570245265960693,0.025742053985595703,NEU,heck no still traffic mondaysaturday during am and pm rush hour also i traveling in or out of dc is a nightmare
379,0.593070387840271,0.3850152790546417,0.021914321929216385,NEG,park at metro and use metro busses citybike from there there are apps like citymapper that will tell you how to get from point a to point b easily without a carremember when youre driving and traffic is bad youre part of why its bad
380,0.7031132578849792,0.28530222177505493,0.011584557592868805,NEG,arrive between the hours of  am  pm or  pm onwardsany other time and youre going to be stuck in traffic or if youre unlucky and theres the usual accidents on the beltway it may be even longeri used to drive to work from dc to sterling va at around  am because i refuse to waste  hours of my life per day driving fortunately i dont have to go to an office anymore
381,0.8765714168548584,0.11595851927995682,0.007470048498362303,NEG,traffic did decrease back then but has steadily been getting worse and worse as people return to work the biggest key ive found is make sure you use waze everytime and just follow it even if it doesnt make sense it knows something you dont
382,0.8498119115829468,0.14574508368968964,0.0044430517591536045,NEG,traffic here has always sucked depending on where youre coming from some routes are worse than others coming north on  is probably the worst coming  south isnt too bad until you hit  from the west  can be friend or foe helps if you have a passenger
383,0.2435140460729599,0.7210966348648071,0.03538927063345909,NEU,theres no reason to drive a car in dc
384,0.035861510783433914,0.8730534911155701,0.0910850316286087,NEU,traffic is still bad plus depending on how far out you are staying theres toll roads to keep in mind as others have mentioned the metro and lyft are better than driving while in the city we also have scooters and bike sharing for short distance travel in the city a car isnt necessary for traversing downtown or getting anywhere in most of dc id only worry about bringing a car if im commuting from maryland or virginia to a part of dc that isnt metro accessible even then metro  scooter can get you there
385,0.01496671512722969,0.9660639762878418,0.018969299271702766,NEU,i live in dc and definitely need a car wouldnt be able to get to work otherwise
386,0.002800536574795842,0.9367147088050842,0.06048473343253136,NEU,tell me you live in ward    without etc
387,0.006460385862737894,0.6542120575904846,0.33932751417160034,NEU,yeah im driving in from ohio and will be staying in the national mall car will at minimum be needed to get into town and to the hotel
388,0.016712386161088943,0.8403638601303101,0.14292378723621368,NEU,tell me you live in ward  you definitely want a car and will have zero problem parking free in ward 
